request_id,flow,flow_name,push_cycle,pop_cycle,control_pop_cycle,added_delay_cycles
659,3,Tenant_02_A,1794,1995,2016,-21
675,3,Tenant_02_A,1838,2043,2064,-21
691,3,Tenant_02_A,1881,2091,2112,-21
707,3,Tenant_02_A,1925,2139,2160,-21
723,3,Tenant_02_A,1969,2187,2211,-24
737,3,Tenant_02_A,2005,2232,2259,-27
753,3,Tenant_02_A,2049,2283,2310,-27
769,3,Tenant_02_A,2092,2337,2358,-21
785,3,Tenant_02_A,2136,2391,2406,-15
801,3,Tenant_02_A,2180,2445,2454,-9
817,3,Tenant_02_A,2223,2499,2502,-3
833,3,Tenant_02_A,2267,2553,2550,3
849,3,Tenant_02_A,2310,2604,2598,6
865,3,Tenant_02_A,2354,2652,2649,3
881,3,Tenant_02_A,2398,2700,2697,3
897,3,Tenant_02_A,2441,2751,2748,3
913,3,Tenant_02_A,2485,2799,2796,3
929,3,Tenant_02_A,2529,2847,2844,3
945,3,Tenant_02_A,2572,2895,2892,3
961,3,Tenant_02_A,2616,2946,2940,6
977,3,Tenant_02_A,2660,2994,2988,6
993,3,Tenant_02_A,2703,3042,3039,3
1009,3,Tenant_02_A,2747,3090,3087,3
1025,3,Tenant_02_A,2790,3141,3138,3
1041,3,Tenant_02_A,2834,3189,3186,3
1057,3,Tenant_02_A,2878,3237,3234,3
1073,3,Tenant_02_A,2921,3285,3282,3
1089,3,Tenant_02_A,2965,3336,3330,6
1105,3,Tenant_02_A,3009,3384,3378,6
1121,3,Tenant_02_A,3052,3432,3426,6
1137,3,Tenant_02_A,3096,3480,3477,3
1153,3,Tenant_02_A,3140,3528,3525,3
1169,3,Tenant_02_A,3183,3579,3576,3
1185,3,Tenant_02_A,3227,3627,3624,3
1201,3,Tenant_02_A,3270,3675,3672,3
1217,3,Tenant_02_A,3314,3723,3720,3
1233,3,Tenant_02_A,3358,3774,3768,6
1249,3,Tenant_02_A,3401,3822,3816,6
1265,3,Tenant_02_A,3445,3870,3864,6
1281,3,Tenant_02_A,3489,3918,3915,3
1297,3,Tenant_02_A,3532,3966,3963,3
1313,3,Tenant_02_A,3576,4017,4014,3
1329,3,Tenant_02_A,3620,4065,4062,3
1345,3,Tenant_02_A,3663,4113,4110,3
1361,3,Tenant_02_A,3707,4164,4158,6
1377,3,Tenant_02_A,3750,4212,4206,6
1393,3,Tenant_02_A,3794,4260,4254,6
1409,3,Tenant_02_A,3838,4308,4305,3
1425,3,Tenant_02_A,3881,4356,4353,3
1441,3,Tenant_02_A,3925,4407,4404,3
1457,3,Tenant_02_A,3969,4455,4452,3
1473,3,Tenant_02_A,4012,4503,4500,3
1489,3,Tenant_02_A,4056,4551,4548,3
1505,3,Tenant_02_A,4100,4602,4596,6
1521,3,Tenant_02_A,4143,4650,4644,6
1537,3,Tenant_02_A,4187,4698,4692,6
1553,3,Tenant_02_A,4230,4746,4743,3
1569,3,Tenant_02_A,4274,4794,4791,3
1585,3,Tenant_02_A,4318,4845,4842,3
1601,3,Tenant_02_A,4361,4893,4890,3
1617,3,Tenant_02_A,4405,4941,4938,3
1633,3,Tenant_02_A,4449,4989,4986,3
1649,3,Tenant_02_A,4492,5040,5034,6
1665,3,Tenant_02_A,4536,5088,5082,6
1681,3,Tenant_02_A,4580,5136,5133,3
1697,3,Tenant_02_A,4623,5184,5181,3
1713,3,Tenant_02_A,4667,5235,5232,3
1729,3,Tenant_02_A,4710,5283,5280,3
1745,3,Tenant_02_A,4754,5331,5328,3
1761,3,Tenant_02_A,4798,5379,5376,3
1777,3,Tenant_02_A,4841,5430,5424,6
1793,3,Tenant_02_A,4885,5478,5472,6
1809,3,Tenant_02_A,4929,5526,5520,6
1825,3,Tenant_02_A,4972,5574,5571,3
1841,3,Tenant_02_A,5016,5622,5619,3
1857,3,Tenant_02_A,5060,5673,5670,3
1873,3,Tenant_02_A,5103,5721,5718,3
1889,3,Tenant_02_A,5147,5769,5766,3
1905,3,Tenant_02_A,5190,5817,5814,3
1921,3,Tenant_02_A,5234,5868,5862,6
1937,3,Tenant_02_A,5278,5916,5910,6
1953,3,Tenant_02_A,5321,5964,5958,6
1969,3,Tenant_02_A,5365,6012,6009,3
1985,3,Tenant_02_A,5409,6060,6057,3
2001,3,Tenant_02_A,5452,6111,6108,3
2017,3,Tenant_02_A,5496,6159,6156,3
2033,3,Tenant_02_A,5540,6207,6204,3
2049,3,Tenant_02_A,5583,6255,6252,3
2065,3,Tenant_02_A,5627,6306,6300,6
2081,3,Tenant_02_A,5670,6354,6348,6
2097,3,Tenant_02_A,5714,6402,6399,3
2113,3,Tenant_02_A,5758,6450,6447,3
2129,3,Tenant_02_A,5801,6501,6498,3
2145,3,Tenant_02_A,5845,6549,6546,3
2161,3,Tenant_02_A,5889,6597,6594,3
2177,3,Tenant_02_A,5932,6645,6642,3
2193,3,Tenant_02_A,5976,6696,6690,6
2209,3,Tenant_02_A,6020,6744,6738,6
2225,3,Tenant_02_A,6063,6792,6786,6
2241,3,Tenant_02_A,6107,6840,6837,3
2257,3,Tenant_02_A,6150,6888,6885,3
2273,3,Tenant_02_A,6194,6939,6936,3
2289,3,Tenant_02_A,6238,6987,6984,3
2305,3,Tenant_02_A,6281,7035,7032,3
2321,3,Tenant_02_A,6325,7083,7080,3
2337,3,Tenant_02_A,6369,7134,7128,6
2353,3,Tenant_02_A,6412,7182,7176,6
2369,3,Tenant_02_A,6456,7230,7224,6
2385,3,Tenant_02_A,6500,7278,7275,3
2401,3,Tenant_02_A,6543,7326,7323,3
2417,3,Tenant_02_A,6587,7377,7374,3
2433,3,Tenant_02_A,6630,7425,7422,3
2449,3,Tenant_02_A,6674,7473,7470,3
2465,3,Tenant_02_A,6718,7524,7518,6
2481,3,Tenant_02_A,6761,7572,7566,6
2497,3,Tenant_02_A,6805,7620,7614,6
2513,3,Tenant_02_A,6849,7668,7665,3
2529,3,Tenant_02_A,6892,7716,7713,3
2545,3,Tenant_02_A,6936,7767,7764,3
2561,3,Tenant_02_A,6980,7815,7812,3
2577,3,Tenant_02_A,7023,7863,7860,3
2593,3,Tenant_02_A,7067,7911,7908,3
2609,3,Tenant_02_A,7110,7962,7956,6
2625,3,Tenant_02_A,7154,8010,8004,6
2641,3,Tenant_02_A,7198,8058,8052,6
2657,3,Tenant_02_A,7241,8106,8103,3
2673,3,Tenant_02_A,7285,8154,8151,3
2689,3,Tenant_02_A,7329,8205,8202,3
2705,3,Tenant_02_A,7372,8253,8250,3
2721,3,Tenant_02_A,7416,8301,8298,3
2737,3,Tenant_02_A,7460,8349,8346,3
2753,3,Tenant_02_A,7503,8400,8394,6
2769,3,Tenant_02_A,7547,8448,8442,6
2785,3,Tenant_02_A,7590,8496,8493,3
2801,3,Tenant_02_A,7634,8544,8541,3
2817,3,Tenant_02_A,7678,8595,8592,3
2833,3,Tenant_02_A,7721,8643,8640,3
2849,3,Tenant_02_A,7765,8691,8688,3
2865,3,Tenant_02_A,7809,8739,8736,3
2881,3,Tenant_02_A,7852,8790,8784,6
2897,3,Tenant_02_A,7896,8838,8832,6
2913,3,Tenant_02_A,7940,8886,8880,6
2929,3,Tenant_02_A,7983,8934,8931,3
2945,3,Tenant_02_A,8027,8982,8979,3
2961,3,Tenant_02_A,8070,9033,9030,3
2977,3,Tenant_02_A,8114,9081,9078,3
2993,3,Tenant_02_A,8158,9129,9126,3
3009,3,Tenant_02_A,8201,9177,9174,3
3025,3,Tenant_02_A,8245,9228,9222,6
3041,3,Tenant_02_A,8289,9276,9270,6
3057,3,Tenant_02_A,8332,9324,9318,6
3073,3,Tenant_02_A,8376,9372,9369,3
3089,3,Tenant_02_A,8420,9420,9417,3
3105,3,Tenant_02_A,8463,9471,9468,3
3121,3,Tenant_02_A,8507,9519,9516,3
3137,3,Tenant_02_A,8550,9567,9564,3
3153,3,Tenant_02_A,8594,9615,9612,3
3169,3,Tenant_02_A,8638,9666,9660,6
3185,3,Tenant_02_A,8681,9714,9708,6
3201,3,Tenant_02_A,8725,9762,9759,3
3217,3,Tenant_02_A,8769,9810,9807,3
3233,3,Tenant_02_A,8812,9861,9858,3
3249,3,Tenant_02_A,8856,9909,9906,3
3265,3,Tenant_02_A,8900,9957,9954,3
3281,3,Tenant_02_A,8943,10005,10002,3
3297,3,Tenant_02_A,8987,10053,10050,3
3313,3,Tenant_02_A,9030,10095,10092,3
3329,3,Tenant_02_A,9074,10137,10134,3
3345,3,Tenant_02_A,9118,10179,10176,3
3361,3,Tenant_02_A,9161,10221,10218,3
3377,3,Tenant_02_A,9205,10263,10260,3
3393,3,Tenant_02_A,9249,10305,10302,3
3409,3,Tenant_02_A,9292,10347,10344,3
3425,3,Tenant_02_A,9336,10389,10386,3
3441,3,Tenant_02_A,9380,10431,10428,3
3457,3,Tenant_02_A,9423,10473,10470,3
3473,3,Tenant_02_A,9467,10515,10512,3
3489,3,Tenant_02_A,9510,10557,10554,3
3505,3,Tenant_02_A,9554,10599,10596,3
3521,3,Tenant_02_A,9598,10641,10638,3
3537,3,Tenant_02_A,9641,10683,10680,3
3553,3,Tenant_02_A,9685,10725,10722,3
3569,3,Tenant_02_A,9729,10767,10764,3
3585,3,Tenant_02_A,9772,10809,10806,3
3601,3,Tenant_02_A,9816,10851,10848,3
3617,3,Tenant_02_A,9860,10893,10890,3
3633,3,Tenant_02_A,9903,10935,10932,3
3649,3,Tenant_02_A,9947,10977,10974,3
3665,3,Tenant_02_A,9990,11016,11013,3
