platform,vflows,configuration,resource,unit,value,source,rio_only,pifo_one,pifo_count,pifo_total,pifo_source,measurement_kind
quartus,32,static,logic_alms,ALMs,262058,../runs/pe5-v32-c1024-q256-static-quartus/resource-summary.json,11738,50064,5,250320,../runs/pifo-house-v32-c1024-quartus/resource-summary.json,sum_of_synthesized_components
quartus,32,replay,logic_alms,ALMs,265865,../runs/pe5-v32-c1024-q256-replay-quartus/resource-summary.json,15545,50064,5,250320,../runs/pifo-house-v32-c1024-quartus/resource-summary.json,sum_of_synthesized_components
quartus,32,static,logic_aluts,ALUTs,328932,../runs/pe5-v32-c1024-q256-static-quartus/resource-summary.json,19107,61965,5,309825,../runs/pifo-house-v32-c1024-quartus/resource-summary.json,sum_of_synthesized_components
quartus,32,replay,logic_aluts,ALUTs,337943,../runs/pe5-v32-c1024-q256-replay-quartus/resource-summary.json,28118,61965,5,309825,../runs/pifo-house-v32-c1024-quartus/resource-summary.json,sum_of_synthesized_components
quartus,32,static,registers,bits,118381,../runs/pe5-v32-c1024-q256-static-quartus/resource-summary.json,10631,21550,5,107750,../runs/pifo-house-v32-c1024-quartus/resource-summary.json,sum_of_synthesized_components
quartus,32,replay,registers,bits,124431,../runs/pe5-v32-c1024-q256-replay-quartus/resource-summary.json,16681,21550,5,107750,../runs/pifo-house-v32-c1024-quartus/resource-summary.json,sum_of_synthesized_components
quartus,32,static,block_memory_bits,bits,22240,../runs/pe5-v32-c1024-q256-static-quartus/resource-summary.json,22240,0,5,0,../runs/pifo-house-v32-c1024-quartus/resource-summary.json,sum_of_synthesized_components
quartus,32,replay,block_memory_bits,bits,25600,../runs/pe5-v32-c1024-q256-replay-quartus/resource-summary.json,25600,0,5,0,../runs/pifo-house-v32-c1024-quartus/resource-summary.json,sum_of_synthesized_components
quartus,32,static,mlab_memory_bits,bits,0,../runs/pe5-v32-c1024-q256-static-quartus/resource-summary.json,0,0,5,0,../runs/pifo-house-v32-c1024-quartus/resource-summary.json,sum_of_synthesized_components
quartus,32,replay,mlab_memory_bits,bits,0,../runs/pe5-v32-c1024-q256-replay-quartus/resource-summary.json,0,0,5,0,../runs/pifo-house-v32-c1024-quartus/resource-summary.json,sum_of_synthesized_components
quartus,32,static,dsp_blocks,blocks,0,../runs/pe5-v32-c1024-q256-static-quartus/resource-summary.json,0,0,5,0,../runs/pifo-house-v32-c1024-quartus/resource-summary.json,sum_of_synthesized_components
quartus,32,replay,dsp_blocks,blocks,0,../runs/pe5-v32-c1024-q256-replay-quartus/resource-summary.json,0,0,5,0,../runs/pifo-house-v32-c1024-quartus/resource-summary.json,sum_of_synthesized_components
vivado,32,static,logic_luts,LUTs,498138,../runs/pe5-v32-c1024-q256-static-vivado/resource-summary.json,14568,96714,5,483570,../runs/pifo-house-v32-c1024-vivado/resource-summary.json,sum_of_synthesized_components
vivado,32,replay,logic_luts,LUTs,505470,../runs/pe5-v32-c1024-q256-replay-vivado/resource-summary.json,21900,96714,5,483570,../runs/pifo-house-v32-c1024-vivado/resource-summary.json,sum_of_synthesized_components
vivado,32,static,registers,bits,119057,../runs/pe5-v32-c1024-q256-static-vivado/resource-summary.json,10972,21617,5,108085,../runs/pifo-house-v32-c1024-vivado/resource-summary.json,sum_of_synthesized_components
vivado,32,replay,registers,bits,124177,../runs/pe5-v32-c1024-q256-replay-vivado/resource-summary.json,16092,21617,5,108085,../runs/pifo-house-v32-c1024-vivado/resource-summary.json,sum_of_synthesized_components
vivado,32,static,bram36_tiles,tiles,1.0,../runs/pe5-v32-c1024-q256-static-vivado/resource-summary.json,1.0,0.0,5,0.0,../runs/pifo-house-v32-c1024-vivado/resource-summary.json,sum_of_synthesized_components
vivado,32,replay,bram36_tiles,tiles,1.0,../runs/pe5-v32-c1024-q256-replay-vivado/resource-summary.json,1.0,0.0,5,0.0,../runs/pifo-house-v32-c1024-vivado/resource-summary.json,sum_of_synthesized_components
vivado,32,static,uram288_blocks,blocks,0,../runs/pe5-v32-c1024-q256-static-vivado/resource-summary.json,0,0,5,0,../runs/pifo-house-v32-c1024-vivado/resource-summary.json,sum_of_synthesized_components
vivado,32,replay,uram288_blocks,blocks,0,../runs/pe5-v32-c1024-q256-replay-vivado/resource-summary.json,0,0,5,0,../runs/pifo-house-v32-c1024-vivado/resource-summary.json,sum_of_synthesized_components
vivado,32,static,bram_uram_allocated_bits,bits,36864,../runs/pe5-v32-c1024-q256-static-vivado/resource-summary.json,36864,0,5,0,../runs/pifo-house-v32-c1024-vivado/resource-summary.json,sum_of_synthesized_components
vivado,32,replay,bram_uram_allocated_bits,bits,36864,../runs/pe5-v32-c1024-q256-replay-vivado/resource-summary.json,36864,0,5,0,../runs/pifo-house-v32-c1024-vivado/resource-summary.json,sum_of_synthesized_components
vivado,32,static,lutram_luts,LUTs,638,../runs/pe5-v32-c1024-q256-static-vivado/resource-summary.json,638,0,5,0,../runs/pifo-house-v32-c1024-vivado/resource-summary.json,sum_of_synthesized_components
vivado,32,replay,lutram_luts,LUTs,708,../runs/pe5-v32-c1024-q256-replay-vivado/resource-summary.json,708,0,5,0,../runs/pifo-house-v32-c1024-vivado/resource-summary.json,sum_of_synthesized_components
vivado,32,static,dsp_blocks,blocks,0,../runs/pe5-v32-c1024-q256-static-vivado/resource-summary.json,0,0,5,0,../runs/pifo-house-v32-c1024-vivado/resource-summary.json,sum_of_synthesized_components
vivado,32,replay,dsp_blocks,blocks,0,../runs/pe5-v32-c1024-q256-replay-vivado/resource-summary.json,0,0,5,0,../runs/pifo-house-v32-c1024-vivado/resource-summary.json,sum_of_synthesized_components
quartus,128,static,logic_alms,ALMs,321646,../runs/pe5-v128-c1024-q256-static-quartus/resource-summary.json,55661,53197,5,265985,../runs/pifo-house-v128-c1024-quartus/resource-summary.json,sum_of_synthesized_components
quartus,128,replay,logic_alms,ALMs,350337,../runs/pe5-v128-c1024-q256-replay-quartus/resource-summary.json,84352,53197,5,265985,../runs/pifo-house-v128-c1024-quartus/resource-summary.json,sum_of_synthesized_components
quartus,128,static,logic_aluts,ALUTs,457186,../runs/pe5-v128-c1024-q256-static-quartus/resource-summary.json,83361,74765,5,373825,../runs/pifo-house-v128-c1024-quartus/resource-summary.json,sum_of_synthesized_components
quartus,128,replay,logic_aluts,ALUTs,497587,../runs/pe5-v128-c1024-q256-replay-quartus/resource-summary.json,123762,74765,5,373825,../runs/pifo-house-v128-c1024-quartus/resource-summary.json,sum_of_synthesized_components
quartus,128,static,registers,bits,177137,../runs/pe5-v128-c1024-q256-static-quartus/resource-summary.json,48867,25654,5,128270,../runs/pifo-house-v128-c1024-quartus/resource-summary.json,sum_of_synthesized_components
quartus,128,replay,registers,bits,207347,../runs/pe5-v128-c1024-q256-replay-quartus/resource-summary.json,79077,25654,5,128270,../runs/pifo-house-v128-c1024-quartus/resource-summary.json,sum_of_synthesized_components
quartus,128,static,block_memory_bits,bits,53600,../runs/pe5-v128-c1024-q256-static-quartus/resource-summary.json,53600,0,5,0,../runs/pifo-house-v128-c1024-quartus/resource-summary.json,sum_of_synthesized_components
quartus,128,replay,block_memory_bits,bits,70880,../runs/pe5-v128-c1024-q256-replay-quartus/resource-summary.json,70880,0,5,0,../runs/pifo-house-v128-c1024-quartus/resource-summary.json,sum_of_synthesized_components
quartus,128,static,mlab_memory_bits,bits,0,../runs/pe5-v128-c1024-q256-static-quartus/resource-summary.json,0,0,5,0,../runs/pifo-house-v128-c1024-quartus/resource-summary.json,sum_of_synthesized_components
quartus,128,replay,mlab_memory_bits,bits,0,../runs/pe5-v128-c1024-q256-replay-quartus/resource-summary.json,0,0,5,0,../runs/pifo-house-v128-c1024-quartus/resource-summary.json,sum_of_synthesized_components
quartus,128,static,dsp_blocks,blocks,0,../runs/pe5-v128-c1024-q256-static-quartus/resource-summary.json,0,0,5,0,../runs/pifo-house-v128-c1024-quartus/resource-summary.json,sum_of_synthesized_components
quartus,128,replay,dsp_blocks,blocks,0,../runs/pe5-v128-c1024-q256-replay-quartus/resource-summary.json,0,0,5,0,../runs/pifo-house-v128-c1024-quartus/resource-summary.json,sum_of_synthesized_components
vivado,128,static,logic_luts,LUTs,599875,../runs/pe5-v128-c1024-q256-static-vivado/resource-summary.json,58185,108338,5,541690,../runs/pifo-house-v128-c1024-vivado/resource-summary.json,sum_of_synthesized_components
vivado,128,replay,logic_luts,LUTs,629739,../runs/pe5-v128-c1024-q256-replay-vivado/resource-summary.json,88049,108338,5,541690,../runs/pifo-house-v128-c1024-vivado/resource-summary.json,sum_of_synthesized_components
vivado,128,static,registers,bits,181739,../runs/pe5-v128-c1024-q256-static-vivado/resource-summary.json,53179,25712,5,128560,../runs/pifo-house-v128-c1024-vivado/resource-summary.json,sum_of_synthesized_components
vivado,128,replay,registers,bits,206894,../runs/pe5-v128-c1024-q256-replay-vivado/resource-summary.json,78334,25712,5,128560,../runs/pifo-house-v128-c1024-vivado/resource-summary.json,sum_of_synthesized_components
vivado,128,static,bram36_tiles,tiles,3.5,../runs/pe5-v128-c1024-q256-static-vivado/resource-summary.json,3.5,0.0,5,0.0,../runs/pifo-house-v128-c1024-vivado/resource-summary.json,sum_of_synthesized_components
vivado,128,replay,bram36_tiles,tiles,3.5,../runs/pe5-v128-c1024-q256-replay-vivado/resource-summary.json,3.5,0.0,5,0.0,../runs/pifo-house-v128-c1024-vivado/resource-summary.json,sum_of_synthesized_components
vivado,128,static,uram288_blocks,blocks,0,../runs/pe5-v128-c1024-q256-static-vivado/resource-summary.json,0,0,5,0,../runs/pifo-house-v128-c1024-vivado/resource-summary.json,sum_of_synthesized_components
vivado,128,replay,uram288_blocks,blocks,0,../runs/pe5-v128-c1024-q256-replay-vivado/resource-summary.json,0,0,5,0,../runs/pifo-house-v128-c1024-vivado/resource-summary.json,sum_of_synthesized_components
vivado,128,static,bram_uram_allocated_bits,bits,129024,../runs/pe5-v128-c1024-q256-static-vivado/resource-summary.json,129024,0,5,0,../runs/pifo-house-v128-c1024-vivado/resource-summary.json,sum_of_synthesized_components
vivado,128,replay,bram_uram_allocated_bits,bits,129024,../runs/pe5-v128-c1024-q256-replay-vivado/resource-summary.json,129024,0,5,0,../runs/pifo-house-v128-c1024-vivado/resource-summary.json,sum_of_synthesized_components
vivado,128,static,lutram_luts,LUTs,1048,../runs/pe5-v128-c1024-q256-static-vivado/resource-summary.json,1048,0,5,0,../runs/pifo-house-v128-c1024-vivado/resource-summary.json,sum_of_synthesized_components
vivado,128,replay,lutram_luts,LUTs,1368,../runs/pe5-v128-c1024-q256-replay-vivado/resource-summary.json,1368,0,5,0,../runs/pifo-house-v128-c1024-vivado/resource-summary.json,sum_of_synthesized_components
vivado,128,static,dsp_blocks,blocks,0,../runs/pe5-v128-c1024-q256-static-vivado/resource-summary.json,0,0,5,0,../runs/pifo-house-v128-c1024-vivado/resource-summary.json,sum_of_synthesized_components
vivado,128,replay,dsp_blocks,blocks,0,../runs/pe5-v128-c1024-q256-replay-vivado/resource-summary.json,0,0,5,0,../runs/pifo-house-v128-c1024-vivado/resource-summary.json,sum_of_synthesized_components
quartus,512,static,logic_alms,ALMs,564317,../runs/pe5-v512-c1024-q256-static-quartus/resource-summary.json,281742,56515,5,282575,../runs/pifo-house-v512-c1024-quartus/resource-summary.json,sum_of_synthesized_components
quartus,512,replay,logic_alms,ALMs,623598,../runs/pe5-v512-c1024-q256-replay-quartus/resource-summary.json,341023,56515,5,282575,../runs/pifo-house-v512-c1024-quartus/resource-summary.json,sum_of_synthesized_components
quartus,512,static,logic_aluts,ALUTs,846924,../runs/pe5-v512-c1024-q256-static-quartus/resource-summary.json,375504,94284,5,471420,../runs/pifo-house-v512-c1024-quartus/resource-summary.json,sum_of_synthesized_components
quartus,512,replay,logic_aluts,ALUTs,1043406,../runs/pe5-v512-c1024-q256-replay-quartus/resource-summary.json,571986,94284,5,471420,../runs/pifo-house-v512-c1024-quartus/resource-summary.json,sum_of_synthesized_components
quartus,512,static,registers,bits,380853,../runs/pe5-v512-c1024-q256-static-quartus/resource-summary.json,232063,29758,5,148790,../runs/pifo-house-v512-c1024-quartus/resource-summary.json,sum_of_synthesized_components
quartus,512,replay,registers,bits,526903,../runs/pe5-v512-c1024-q256-replay-quartus/resource-summary.json,378113,29758,5,148790,../runs/pifo-house-v512-c1024-quartus/resource-summary.json,sum_of_synthesized_components
quartus,512,static,block_memory_bits,bits,187200,../runs/pe5-v512-c1024-q256-static-quartus/resource-summary.json,187200,0,5,0,../runs/pifo-house-v512-c1024-quartus/resource-summary.json,sum_of_synthesized_components
quartus,512,replay,block_memory_bits,bits,271680,../runs/pe5-v512-c1024-q256-replay-quartus/resource-summary.json,271680,0,5,0,../runs/pifo-house-v512-c1024-quartus/resource-summary.json,sum_of_synthesized_components
quartus,512,static,mlab_memory_bits,bits,0,../runs/pe5-v512-c1024-q256-static-quartus/resource-summary.json,0,0,5,0,../runs/pifo-house-v512-c1024-quartus/resource-summary.json,sum_of_synthesized_components
quartus,512,replay,mlab_memory_bits,bits,0,../runs/pe5-v512-c1024-q256-replay-quartus/resource-summary.json,0,0,5,0,../runs/pifo-house-v512-c1024-quartus/resource-summary.json,sum_of_synthesized_components
quartus,512,static,dsp_blocks,blocks,0,../runs/pe5-v512-c1024-q256-static-quartus/resource-summary.json,0,0,5,0,../runs/pifo-house-v512-c1024-quartus/resource-summary.json,sum_of_synthesized_components
quartus,512,replay,dsp_blocks,blocks,0,../runs/pe5-v512-c1024-q256-replay-quartus/resource-summary.json,0,0,5,0,../runs/pifo-house-v512-c1024-quartus/resource-summary.json,sum_of_synthesized_components
vivado,512,static,logic_luts,LUTs,868014,../runs/pe5-v512-c1024-q256-static-vivado/resource-summary.json,267449,120113,5,600565,../runs/pifo-house-v512-c1024-vivado/resource-summary.json,sum_of_synthesized_components
vivado,512,replay,logic_luts,LUTs,975725,../runs/pe5-v512-c1024-q256-replay-vivado/resource-summary.json,375160,120113,5,600565,../runs/pifo-house-v512-c1024-vivado/resource-summary.json,sum_of_synthesized_components
vivado,512,static,registers,bits,413536,../runs/pe5-v512-c1024-q256-static-vivado/resource-summary.json,264471,29813,5,149065,../runs/pifo-house-v512-c1024-vivado/resource-summary.json,sum_of_synthesized_components
vivado,512,replay,registers,bits,526266,../runs/pe5-v512-c1024-q256-replay-vivado/resource-summary.json,377201,29813,5,149065,../runs/pifo-house-v512-c1024-vivado/resource-summary.json,sum_of_synthesized_components
vivado,512,static,bram36_tiles,tiles,16.0,../runs/pe5-v512-c1024-q256-static-vivado/resource-summary.json,16.0,0.0,5,0.0,../runs/pifo-house-v512-c1024-vivado/resource-summary.json,sum_of_synthesized_components
vivado,512,replay,bram36_tiles,tiles,21.0,../runs/pe5-v512-c1024-q256-replay-vivado/resource-summary.json,21.0,0.0,5,0.0,../runs/pifo-house-v512-c1024-vivado/resource-summary.json,sum_of_synthesized_components
vivado,512,static,uram288_blocks,blocks,0,../runs/pe5-v512-c1024-q256-static-vivado/resource-summary.json,0,0,5,0,../runs/pifo-house-v512-c1024-vivado/resource-summary.json,sum_of_synthesized_components
vivado,512,replay,uram288_blocks,blocks,0,../runs/pe5-v512-c1024-q256-replay-vivado/resource-summary.json,0,0,5,0,../runs/pifo-house-v512-c1024-vivado/resource-summary.json,sum_of_synthesized_components
vivado,512,static,bram_uram_allocated_bits,bits,589824,../runs/pe5-v512-c1024-q256-static-vivado/resource-summary.json,589824,0,5,0,../runs/pifo-house-v512-c1024-vivado/resource-summary.json,sum_of_synthesized_components
vivado,512,replay,bram_uram_allocated_bits,bits,774144,../runs/pe5-v512-c1024-q256-replay-vivado/resource-summary.json,774144,0,5,0,../runs/pifo-house-v512-c1024-vivado/resource-summary.json,sum_of_synthesized_components
vivado,512,static,lutram_luts,LUTs,628,../runs/pe5-v512-c1024-q256-static-vivado/resource-summary.json,628,0,5,0,../runs/pifo-house-v512-c1024-vivado/resource-summary.json,sum_of_synthesized_components
vivado,512,replay,lutram_luts,LUTs,628,../runs/pe5-v512-c1024-q256-replay-vivado/resource-summary.json,628,0,5,0,../runs/pifo-house-v512-c1024-vivado/resource-summary.json,sum_of_synthesized_components
vivado,512,static,dsp_blocks,blocks,0,../runs/pe5-v512-c1024-q256-static-vivado/resource-summary.json,0,0,5,0,../runs/pifo-house-v512-c1024-vivado/resource-summary.json,sum_of_synthesized_components
vivado,512,replay,dsp_blocks,blocks,0,../runs/pe5-v512-c1024-q256-replay-vivado/resource-summary.json,0,0,5,0,../runs/pifo-house-v512-c1024-vivado/resource-summary.json,sum_of_synthesized_components
quartus,1024,static,logic_alms,ALMs,843694,../runs/pe5-v1024-c1024-q256-static-quartus/resource-summary.json,551794,58380,5,291900,../runs/pifo-house-v1024-c1024-quartus/resource-summary.json,sum_of_synthesized_components
quartus,1024,replay,logic_alms,ALMs,945926,../runs/pe5-v1024-c1024-q256-replay-quartus/resource-summary.json,654026,58380,5,291900,../runs/pifo-house-v1024-c1024-quartus/resource-summary.json,sum_of_synthesized_components
quartus,1024,static,logic_aluts,ALUTs,1237899,../runs/pe5-v1024-c1024-q256-static-quartus/resource-summary.json,746094,98361,5,491805,../runs/pifo-house-v1024-c1024-quartus/resource-summary.json,sum_of_synthesized_components
quartus,1024,replay,logic_aluts,ALUTs,1662325,../runs/pe5-v1024-c1024-q256-replay-quartus/resource-summary.json,1170520,98361,5,491805,../runs/pifo-house-v1024-c1024-quartus/resource-summary.json,sum_of_synthesized_components
quartus,1024,static,registers,bits,662551,../runs/pe5-v1024-c1024-q256-static-quartus/resource-summary.json,503501,31810,5,159050,../runs/pifo-house-v1024-c1024-quartus/resource-summary.json,sum_of_synthesized_components
quartus,1024,replay,registers,bits,980121,../runs/pe5-v1024-c1024-q256-replay-quartus/resource-summary.json,821071,31810,5,159050,../runs/pifo-house-v1024-c1024-quartus/resource-summary.json,sum_of_synthesized_components
quartus,1024,static,block_memory_bits,bits,374640,../runs/pe5-v1024-c1024-q256-static-quartus/resource-summary.json,374640,0,5,0,../runs/pifo-house-v1024-c1024-quartus/resource-summary.json,sum_of_synthesized_components
quartus,1024,replay,block_memory_bits,bits,558960,../runs/pe5-v1024-c1024-q256-replay-quartus/resource-summary.json,558960,0,5,0,../runs/pifo-house-v1024-c1024-quartus/resource-summary.json,sum_of_synthesized_components
quartus,1024,static,mlab_memory_bits,bits,0,../runs/pe5-v1024-c1024-q256-static-quartus/resource-summary.json,0,0,5,0,../runs/pifo-house-v1024-c1024-quartus/resource-summary.json,sum_of_synthesized_components
quartus,1024,replay,mlab_memory_bits,bits,0,../runs/pe5-v1024-c1024-q256-replay-quartus/resource-summary.json,0,0,5,0,../runs/pifo-house-v1024-c1024-quartus/resource-summary.json,sum_of_synthesized_components
quartus,1024,static,dsp_blocks,blocks,0,../runs/pe5-v1024-c1024-q256-static-quartus/resource-summary.json,0,0,5,0,../runs/pifo-house-v1024-c1024-quartus/resource-summary.json,sum_of_synthesized_components
quartus,1024,replay,dsp_blocks,blocks,0,../runs/pe5-v1024-c1024-q256-replay-quartus/resource-summary.json,0,0,5,0,../runs/pifo-house-v1024-c1024-quartus/resource-summary.json,sum_of_synthesized_components
vivado,1024,static,logic_luts,LUTs,1209743,../runs/pe5-v1024-c1024-q256-static-vivado/resource-summary.json,578413,126266,5,631330,../runs/pifo-house-v1024-c1024-vivado/resource-summary.json,sum_of_synthesized_components
vivado,1024,replay,logic_luts,LUTs,1440373,../runs/pe5-v1024-c1024-q256-replay-vivado/resource-summary.json,809043,126266,5,631330,../runs/pifo-house-v1024-c1024-vivado/resource-summary.json,sum_of_synthesized_components
vivado,1024,static,registers,bits,733507,../runs/pe5-v1024-c1024-q256-static-vivado/resource-summary.json,574237,31854,5,159270,../runs/pifo-house-v1024-c1024-vivado/resource-summary.json,sum_of_synthesized_components
vivado,1024,replay,registers,bits,979377,../runs/pe5-v1024-c1024-q256-replay-vivado/resource-summary.json,820107,31854,5,159270,../runs/pifo-house-v1024-c1024-vivado/resource-summary.json,sum_of_synthesized_components
vivado,1024,static,bram36_tiles,tiles,21.0,../runs/pe5-v1024-c1024-q256-static-vivado/resource-summary.json,21.0,0.0,5,0.0,../runs/pifo-house-v1024-c1024-vivado/resource-summary.json,sum_of_synthesized_components
vivado,1024,replay,bram36_tiles,tiles,28.5,../runs/pe5-v1024-c1024-q256-replay-vivado/resource-summary.json,28.5,0.0,5,0.0,../runs/pifo-house-v1024-c1024-vivado/resource-summary.json,sum_of_synthesized_components
vivado,1024,static,uram288_blocks,blocks,0,../runs/pe5-v1024-c1024-q256-static-vivado/resource-summary.json,0,0,5,0,../runs/pifo-house-v1024-c1024-vivado/resource-summary.json,sum_of_synthesized_components
vivado,1024,replay,uram288_blocks,blocks,0,../runs/pe5-v1024-c1024-q256-replay-vivado/resource-summary.json,0,0,5,0,../runs/pifo-house-v1024-c1024-vivado/resource-summary.json,sum_of_synthesized_components
vivado,1024,static,bram_uram_allocated_bits,bits,774144,../runs/pe5-v1024-c1024-q256-static-vivado/resource-summary.json,774144,0,5,0,../runs/pifo-house-v1024-c1024-vivado/resource-summary.json,sum_of_synthesized_components
vivado,1024,replay,bram_uram_allocated_bits,bits,1050624,../runs/pe5-v1024-c1024-q256-replay-vivado/resource-summary.json,1050624,0,5,0,../runs/pifo-house-v1024-c1024-vivado/resource-summary.json,sum_of_synthesized_components
vivado,1024,static,lutram_luts,LUTs,788,../runs/pe5-v1024-c1024-q256-static-vivado/resource-summary.json,788,0,5,0,../runs/pifo-house-v1024-c1024-vivado/resource-summary.json,sum_of_synthesized_components
vivado,1024,replay,lutram_luts,LUTs,788,../runs/pe5-v1024-c1024-q256-replay-vivado/resource-summary.json,788,0,5,0,../runs/pifo-house-v1024-c1024-vivado/resource-summary.json,sum_of_synthesized_components
vivado,1024,static,dsp_blocks,blocks,0,../runs/pe5-v1024-c1024-q256-static-vivado/resource-summary.json,0,0,5,0,../runs/pifo-house-v1024-c1024-vivado/resource-summary.json,sum_of_synthesized_components
vivado,1024,replay,dsp_blocks,blocks,0,../runs/pe5-v1024-c1024-q256-replay-vivado/resource-summary.json,0,0,5,0,../runs/pifo-house-v1024-c1024-vivado/resource-summary.json,sum_of_synthesized_components
