request_id,global_flow_id,size_bytes,arrival_cycle,admitted_cycle,completed_cycle,admission_delay_cycles,sojourn_cycles
1,1,48,0,1,20,1,20
4,1,48,8,10,24,2,16
2,2,48,0,2,27,2,27
7,1,48,15,17,31,2,16
3,2,48,4,5,34,1,30
10,1,48,22,24,38,2,16
5,2,48,8,11,41,3,33
13,1,48,30,31,45,1,15
6,2,48,11,12,48,1,37
16,1,48,38,40,51,2,13
8,2,48,15,18,55,3,40
19,1,48,45,47,58,2,13
9,2,48,19,21,61,2,42
11,2,48,22,25,64,3,42
22,1,48,52,54,68,2,16
12,2,48,26,28,71,2,45
25,1,48,60,61,75,1,15
14,2,48,30,32,78,2,48
28,1,48,68,70,81,2,13
15,2,48,34,35,85,1,51
31,1,48,75,77,88,2,13
17,2,48,38,41,91,3,53
18,2,48,41,42,94,1,53
34,1,48,82,84,98,2,16
20,2,48,45,48,101,3,56
37,1,48,90,91,105,1,15
21,2,48,49,51,108,2,59
40,1,48,98,100,111,2,13
23,2,48,52,55,115,3,63
43,1,48,105,107,118,2,13
24,2,48,56,58,121,2,65
26,2,48,60,62,124,2,64
46,1,48,112,114,128,2,16
27,2,48,64,65,131,1,67
49,1,48,120,121,135,1,15
29,2,48,68,71,138,3,70
52,1,48,128,130,141,2,13
30,2,48,71,72,145,1,74
55,1,48,135,137,148,2,13
32,2,48,75,78,151,3,76
33,2,48,79,81,154,2,75
58,1,48,142,144,158,2,16
35,2,48,82,85,161,3,79
61,1,48,150,151,165,1,15
36,2,48,86,88,168,2,82
64,1,48,158,160,171,2,13
38,2,48,90,92,175,2,85
67,1,48,165,167,178,2,13
39,2,48,94,95,181,1,87
41,2,48,98,101,184,3,86
70,1,48,172,174,188,2,16
42,2,48,101,102,191,1,90
73,1,48,180,181,195,1,15
44,2,48,105,108,198,3,93
76,1,48,188,190,201,2,13
45,2,48,109,111,205,2,96
79,1,48,195,197,208,2,13
47,2,48,112,115,211,3,99
48,2,48,116,118,214,2,98
82,1,48,202,204,218,2,16
50,2,48,120,122,221,2,101
85,1,48,210,211,225,1,15
51,2,48,124,125,228,1,104
88,1,48,218,220,231,2,13
53,2,48,128,131,235,3,107
91,1,48,225,227,238,2,13
54,2,48,131,132,241,1,110
56,2,48,135,138,244,3,109
94,1,48,232,234,248,2,16
57,2,48,139,141,251,2,112
97,1,48,240,241,255,1,15
59,2,48,142,145,258,3,116
100,1,48,248,250,261,2,13
60,2,48,146,148,265,2,119
103,1,48,255,257,268,2,13
62,2,48,150,152,271,2,121
63,2,48,154,155,274,1,120
106,1,48,262,264,278,2,16
65,2,48,158,161,281,3,123
109,1,48,270,271,285,1,15
66,2,48,161,162,288,1,127
112,1,48,278,280,291,2,13
68,2,48,165,168,295,3,130
115,1,48,285,287,298,2,13
69,2,48,169,171,301,2,132
71,2,48,172,175,304,3,132
118,1,48,292,294,308,2,16
72,2,48,176,178,311,2,135
121,1,48,300,301,315,1,15
74,2,48,180,182,318,2,138
124,1,48,308,310,321,2,13
75,2,48,184,185,325,1,141
127,1,48,315,317,328,2,13
77,2,48,188,191,331,3,143
78,2,48,191,192,334,1,143
130,1,48,322,324,338,2,16
80,2,48,195,198,341,3,146
133,1,48,330,331,345,1,15
81,2,48,199,201,348,2,149
136,1,48,338,340,351,2,13
83,2,48,202,205,355,3,153
139,1,48,345,347,358,2,13
84,2,48,206,208,361,2,155
86,2,48,210,212,364,2,154
142,1,48,352,354,368,2,16
87,2,48,214,215,371,1,157
145,1,48,360,361,375,1,15
89,2,48,218,221,378,3,160
148,1,48,368,370,381,2,13
90,2,48,221,222,385,1,164
151,1,48,375,377,388,2,13
92,2,48,225,228,391,3,166
93,2,48,229,231,394,2,165
154,1,48,382,384,398,2,16
95,2,48,232,235,401,3,169
157,1,48,390,391,405,1,15
96,2,48,236,238,408,2,172
160,1,48,398,400,411,2,13
98,2,48,240,242,415,2,175
163,1,48,405,407,418,2,13
99,2,48,244,245,421,1,177
101,2,48,248,251,424,3,176
166,1,48,412,414,428,2,16
102,2,48,251,252,431,1,180
169,1,48,420,421,435,1,15
104,2,48,255,258,438,3,183
172,1,48,428,430,441,2,13
105,2,48,259,261,445,2,186
175,1,48,435,437,448,2,13
107,2,48,262,265,451,3,189
108,2,48,266,268,454,2,188
178,1,48,442,444,458,2,16
110,2,48,270,272,461,2,191
181,1,48,450,451,465,1,15
111,2,48,274,275,468,1,194
184,1,48,458,460,471,2,13
113,2,48,278,281,475,3,197
187,1,48,465,467,478,2,13
114,2,48,281,282,481,1,200
116,2,48,285,288,484,3,199
190,1,48,472,474,488,2,16
117,2,48,289,291,491,2,202
193,1,48,480,481,495,1,15
119,2,48,292,295,498,3,206
196,1,48,488,490,501,2,13
120,2,48,296,298,505,2,209
199,1,48,495,497,508,2,13
122,2,48,300,302,511,2,211
123,2,48,304,305,514,1,210
202,1,48,502,504,518,2,16
125,2,48,308,311,521,3,213
205,1,48,510,511,525,1,15
126,2,48,311,312,528,1,217
208,1,48,518,520,531,2,13
128,2,48,315,318,535,3,220
211,1,48,525,527,538,2,13
129,2,48,319,321,541,2,222
131,2,48,322,325,544,3,222
214,1,48,532,534,548,2,16
132,2,48,326,328,551,2,225
217,1,48,540,541,555,1,15
134,2,48,330,332,558,2,228
220,1,48,548,550,561,2,13
135,2,48,334,335,565,1,231
223,1,48,555,557,568,2,13
137,2,48,338,341,571,3,233
138,2,48,341,342,574,1,233
226,1,48,562,564,578,2,16
140,2,48,345,348,581,3,236
229,1,48,570,571,585,1,15
141,2,48,349,351,588,2,239
232,1,48,578,580,591,2,13
143,2,48,352,355,595,3,243
235,1,48,585,587,598,2,13
144,2,48,356,358,601,2,245
146,2,48,360,362,604,2,244
238,1,48,592,594,608,2,16
147,2,48,364,365,611,1,247
241,1,48,600,601,615,1,15
149,2,48,368,371,618,3,250
244,1,48,608,610,621,2,13
150,2,48,371,372,625,1,254
247,1,48,615,617,628,2,13
152,2,48,375,378,631,3,256
153,2,48,379,381,634,2,255
250,1,48,622,624,638,2,16
155,2,48,382,385,641,3,259
253,1,48,630,631,645,1,15
156,2,48,386,388,648,2,262
256,1,48,638,640,651,2,13
158,2,48,390,392,655,2,265
259,1,48,645,647,658,2,13
159,2,48,394,395,661,1,267
161,2,48,398,401,664,3,266
262,1,48,652,654,668,2,16
162,2,48,401,402,671,1,270
265,1,48,660,661,675,1,15
164,2,48,405,408,678,3,273
268,1,48,668,670,681,2,13
165,2,48,409,411,685,2,276
271,1,48,675,677,688,2,13
167,2,48,412,415,691,3,279
168,2,48,416,418,694,2,278
274,1,48,682,684,698,2,16
170,2,48,420,422,701,2,281
277,1,48,690,691,705,1,15
171,2,48,424,425,708,1,284
280,1,48,698,700,711,2,13
173,2,48,428,431,715,3,287
283,1,48,705,707,718,2,13
174,2,48,431,432,721,1,290
176,2,48,435,438,724,3,289
286,1,48,712,714,728,2,16
177,2,48,439,441,731,2,292
289,1,48,720,721,735,1,15
179,2,48,442,445,738,3,296
292,1,48,728,730,741,2,13
180,2,48,446,448,745,2,299
295,1,48,735,737,748,2,13
182,2,48,450,452,751,2,301
183,2,48,454,455,754,1,300
298,1,48,742,744,758,2,16
185,2,48,458,461,761,3,303
301,1,48,750,751,765,1,15
186,2,48,461,462,768,1,307
304,1,48,758,760,771,2,13
188,2,48,465,468,775,3,310
307,1,48,765,767,778,2,13
189,2,48,469,471,781,2,312
191,2,48,472,475,784,3,312
310,1,48,772,774,788,2,16
192,2,48,476,478,791,2,315
313,1,48,780,781,795,1,15
194,2,48,480,482,798,2,318
316,1,48,788,790,801,2,13
195,2,48,484,485,805,1,321
319,1,48,795,797,808,2,13
197,2,48,488,491,811,3,323
198,2,48,491,492,814,1,323
322,1,48,802,804,818,2,16
200,2,48,495,498,821,3,326
325,1,48,810,811,825,1,15
201,2,48,499,501,828,2,329
328,1,48,818,820,831,2,13
203,2,48,502,505,835,3,333
331,1,48,825,827,838,2,13
204,2,48,506,508,841,2,335
206,2,48,510,512,844,2,334
334,1,48,832,834,848,2,16
207,2,48,514,515,851,1,337
337,1,48,840,841,855,1,15
209,2,48,518,521,858,3,340
340,1,48,848,850,861,2,13
210,2,48,521,522,865,1,344
343,1,48,855,857,868,2,13
212,2,48,525,528,871,3,346
213,2,48,529,531,874,2,345
346,1,48,862,864,878,2,16
215,2,48,532,535,881,3,349
349,1,48,870,871,885,1,15
216,2,48,536,538,888,2,352
352,1,48,878,880,891,2,13
218,2,48,540,542,895,2,355
355,1,48,885,887,898,2,13
219,2,48,544,545,901,1,357
221,2,48,548,551,904,3,356
358,1,48,892,894,908,2,16
222,2,48,551,552,911,1,360
361,1,48,900,901,915,1,15
224,2,48,555,558,918,3,363
364,1,48,908,910,921,2,13
225,2,48,559,561,925,2,366
367,1,48,915,917,928,2,13
227,2,48,562,565,931,3,369
228,2,48,566,568,934,2,368
370,1,48,922,924,938,2,16
230,2,48,570,572,941,2,371
373,1,48,930,931,945,1,15
231,2,48,574,575,948,1,374
376,1,48,938,940,951,2,13
233,2,48,578,581,955,3,377
379,1,48,945,947,958,2,13
234,2,48,581,582,961,1,380
236,2,48,585,588,964,3,379
382,1,48,952,954,968,2,16
237,2,48,589,591,971,2,382
385,1,48,960,961,975,1,15
239,2,48,592,595,978,3,386
388,1,48,968,970,981,2,13
240,2,48,596,598,985,2,389
391,1,48,975,977,988,2,13
242,2,48,600,602,991,2,391
243,2,48,604,605,994,1,390
394,1,48,982,984,998,2,16
245,2,48,608,611,1001,3,393
397,1,48,990,991,1005,1,15
246,2,48,611,612,1008,1,397
400,1,48,998,1000,1011,2,13
402,1,48,1000,1002,1015,2,15
248,2,48,615,618,1018,3,403
405,1,48,1008,1010,1021,2,13
249,2,48,619,621,1024,2,405
251,2,48,622,625,1027,3,405
406,1,48,1015,1017,1031,2,16
409,1,48,1022,1023,1034,1,12
252,2,48,626,628,1037,2,411
254,2,48,630,632,1040,2,410
255,2,48,634,635,1043,1,409
257,2,48,638,641,1046,3,408
258,2,48,641,642,1049,1,408
260,2,48,645,648,1052,3,407
261,2,48,649,651,1055,2,406
263,2,48,652,655,1058,3,406
264,2,48,656,658,1061,2,405
266,2,48,660,662,1064,2,404
267,2,48,664,665,1067,1,403
269,2,48,668,671,1070,3,402
270,2,48,671,672,1073,1,402
272,2,48,675,678,1076,3,401
273,2,48,679,681,1079,2,400
275,2,48,682,685,1082,3,400
276,2,48,686,688,1085,2,399
278,2,48,690,692,1088,2,398
279,2,48,694,695,1091,1,397
281,2,48,698,701,1094,3,396
282,2,48,701,702,1097,1,396
284,2,48,705,708,1100,3,395
285,2,48,709,711,1103,2,394
287,2,48,712,715,1106,3,394
288,2,48,716,718,1109,2,393
290,2,48,720,722,1112,2,392
291,2,48,724,725,1115,1,391
293,2,48,728,731,1118,3,390
294,2,48,731,732,1121,1,390
296,2,48,735,738,1124,3,389
297,2,48,739,741,1127,2,388
299,2,48,742,745,1130,3,388
300,2,48,746,748,1133,2,387
302,2,48,750,752,1136,2,386
303,2,48,754,755,1139,1,385
305,2,48,758,761,1142,3,384
306,2,48,761,762,1145,1,384
308,2,48,765,768,1148,3,383
309,2,48,769,771,1151,2,382
311,2,48,772,775,1154,3,382
312,2,48,776,778,1157,2,381
314,2,48,780,782,1160,2,380
315,2,48,784,785,1163,1,379
317,2,48,788,791,1166,3,378
318,2,48,791,792,1169,1,378
320,2,48,795,798,1172,3,377
321,2,48,799,801,1175,2,376
323,2,48,802,805,1178,3,376
324,2,48,806,808,1181,2,375
326,2,48,810,812,1184,2,374
327,2,48,814,815,1187,1,373
329,2,48,818,821,1190,3,372
330,2,48,821,822,1193,1,372
332,2,48,825,828,1196,3,371
333,2,48,829,831,1199,2,370
335,2,48,832,835,1202,3,370
336,2,48,836,838,1205,2,369
338,2,48,840,842,1208,2,368
339,2,48,844,845,1211,1,367
341,2,48,848,851,1214,3,366
342,2,48,851,852,1217,1,366
344,2,48,855,858,1220,3,365
345,2,48,859,861,1223,2,364
347,2,48,862,865,1226,3,364
348,2,48,866,868,1229,2,363
350,2,48,870,872,1232,2,362
351,2,48,874,875,1235,1,361
353,2,48,878,881,1238,3,360
354,2,48,881,882,1241,1,360
356,2,48,885,888,1244,3,359
357,2,48,889,891,1247,2,358
359,2,48,892,895,1250,3,358
360,2,48,896,898,1253,2,357
362,2,48,900,902,1256,2,356
363,2,48,904,905,1259,1,355
365,2,48,908,911,1262,3,354
366,2,48,911,912,1265,1,354
368,2,48,915,918,1268,3,353
369,2,48,919,921,1271,2,352
371,2,48,922,925,1274,3,352
372,2,48,926,928,1277,2,351
374,2,48,930,932,1280,2,350
375,2,48,934,935,1283,1,349
377,2,48,938,941,1286,3,348
378,2,48,941,942,1289,1,348
380,2,48,945,948,1292,3,347
381,2,48,949,951,1295,2,346
383,2,48,952,955,1298,3,346
384,2,48,956,958,1301,2,345
386,2,48,960,962,1304,2,344
387,2,48,964,965,1307,1,343
389,2,48,968,971,1310,3,342
390,2,48,971,972,1313,1,342
392,2,48,975,978,1316,3,341
393,2,48,979,981,1319,2,340
395,2,48,982,985,1322,3,340
396,2,48,986,988,1325,2,339
398,2,48,990,992,1328,2,338
399,2,48,994,995,1331,1,337
401,2,48,998,1001,1334,3,336
403,2,48,1000,1003,1337,3,337
407,2,48,1015,1018,1340,3,325
410,1,48,1030,1038,1343,8,313
413,1,48,1038,1041,1346,3,308
414,1,48,1045,1046,1349,1,304
417,1,48,1052,1053,1352,1,300
418,1,48,1060,1061,1355,1,295
421,1,48,1068,1069,1358,1,290
422,1,48,1075,1076,1361,1,286
425,1,48,1082,1083,1364,1,282
426,1,48,1090,1091,1367,1,277
429,1,48,1098,1099,1370,1,272
430,1,48,1105,1106,1373,1,268
433,1,48,1112,1113,1376,1,264
434,1,48,1120,1121,1379,1,259
437,1,48,1128,1129,1382,1,254
438,1,48,1135,1136,1385,1,250
441,1,48,1142,1143,1388,1,246
442,1,48,1150,1151,1391,1,241
445,1,48,1158,1159,1394,1,236
446,1,48,1165,1166,1397,1,232
449,1,48,1172,1173,1400,1,228
450,1,48,1180,1181,1403,1,223
453,1,48,1188,1189,1406,1,218
454,1,48,1195,1196,1409,1,214
457,1,48,1202,1203,1412,1,210
458,1,48,1210,1211,1415,1,205
461,1,48,1218,1219,1418,1,200
462,1,48,1225,1226,1421,1,196
465,1,48,1232,1233,1424,1,192
466,1,48,1240,1241,1427,1,187
469,1,48,1248,1249,1430,1,182
470,1,48,1255,1256,1433,1,178
473,1,48,1262,1263,1436,1,174
474,1,48,1270,1271,1439,1,169
477,1,48,1278,1279,1442,1,164
478,1,48,1285,1286,1445,1,160
481,1,48,1292,1293,1448,1,156
482,1,48,1300,1301,1451,1,151
485,1,48,1308,1309,1454,1,146
486,1,48,1315,1316,1457,1,142
489,1,48,1322,1323,1460,1,138
490,1,48,1330,1331,1463,1,133
493,1,48,1338,1339,1466,1,128
494,1,48,1345,1346,1469,1,124
497,1,48,1352,1353,1472,1,120
498,1,48,1360,1361,1475,1,115
501,1,48,1368,1369,1478,1,110
502,1,48,1375,1376,1481,1,106
505,1,48,1382,1383,1484,1,102
506,1,48,1390,1391,1487,1,97
509,1,48,1398,1399,1490,1,92
510,1,48,1405,1406,1493,1,88
513,1,48,1412,1413,1496,1,84
514,1,48,1420,1421,1499,1,79
517,1,48,1428,1429,1502,1,74
518,1,48,1435,1436,1505,1,70
521,1,48,1442,1443,1508,1,66
522,1,48,1450,1451,1511,1,61
525,1,48,1458,1459,1514,1,56
526,1,48,1465,1466,1517,1,52
529,1,48,1472,1473,1520,1,48
530,1,48,1480,1481,1523,1,43
533,1,48,1488,1489,1526,1,38
534,1,48,1495,1496,1529,1,34
537,1,48,1502,1503,1532,1,30
538,1,48,1510,1511,1535,1,25
541,1,48,1518,1519,1538,1,20
542,1,48,1525,1526,1541,1,16
545,1,48,1532,1533,1544,1,12
404,3,48,1000,1036,1551,36,551
546,1,48,1540,1541,1554,1,14
408,3,48,1015,1037,1557,22,542
411,2,48,1030,1039,1560,9,530
549,1,48,1548,1550,1563,2,15
412,3,48,1030,1040,1566,10,536
550,1,48,1555,1557,1569,2,14
415,2,48,1045,1047,1572,2,527
553,1,48,1562,1564,1575,2,13
416,3,48,1045,1048,1578,3,533
419,2,48,1060,1062,1582,2,522
554,1,48,1570,1572,1585,2,15
420,3,48,1060,1063,1588,3,528
557,1,48,1578,1579,1591,1,13
423,2,48,1075,1077,1594,2,519
424,3,48,1075,1078,1597,3,522
558,1,48,1585,1587,1600,2,15
427,2,48,1090,1092,1603,2,513
561,1,48,1592,1594,1606,2,14
428,3,48,1090,1093,1609,3,519
431,2,48,1105,1107,1612,2,507
562,1,48,1600,1602,1615,2,15
432,3,48,1105,1108,1618,3,513
565,1,48,1608,1609,1621,1,13
435,2,48,1120,1122,1624,2,504
436,3,48,1120,1123,1627,3,507
566,1,48,1615,1617,1630,2,15
439,2,48,1135,1137,1633,2,498
569,1,48,1622,1624,1636,2,14
440,3,48,1135,1138,1639,3,504
443,2,48,1150,1152,1642,2,492
570,1,48,1630,1632,1645,2,15
444,3,48,1150,1153,1648,3,498
573,1,48,1638,1639,1651,1,13
447,2,48,1165,1167,1654,2,489
448,3,48,1165,1168,1657,3,492
574,1,48,1645,1647,1660,2,15
451,2,48,1180,1182,1663,2,483
577,1,48,1652,1654,1666,2,14
452,3,48,1180,1183,1669,3,489
455,2,48,1195,1197,1672,2,477
578,1,48,1660,1662,1675,2,15
456,3,48,1195,1198,1678,3,483
581,1,48,1668,1669,1681,1,13
459,2,48,1210,1212,1684,2,474
460,3,48,1210,1213,1687,3,477
582,1,48,1675,1677,1690,2,15
463,2,48,1225,1227,1693,2,468
585,1,48,1682,1684,1696,2,14
464,3,48,1225,1228,1699,3,474
467,2,48,1240,1242,1702,2,462
586,1,48,1690,1692,1705,2,15
468,3,48,1240,1243,1708,3,468
589,1,48,1698,1699,1711,1,13
471,2,48,1255,1257,1714,2,459
472,3,48,1255,1258,1717,3,462
590,1,48,1705,1707,1720,2,15
475,2,48,1270,1272,1723,2,453
593,1,48,1712,1714,1726,2,14
476,3,48,1270,1273,1729,3,459
479,2,48,1285,1287,1732,2,447
594,1,48,1720,1722,1735,2,15
480,3,48,1285,1288,1738,3,453
597,1,48,1728,1729,1741,1,13
483,2,48,1300,1302,1744,2,444
484,3,48,1300,1303,1747,3,447
598,1,48,1735,1737,1750,2,15
487,2,48,1315,1317,1753,2,438
601,1,48,1742,1744,1756,2,14
488,3,48,1315,1318,1759,3,444
491,2,48,1330,1332,1762,2,432
602,1,48,1750,1752,1765,2,15
492,3,48,1330,1333,1768,3,438
605,1,48,1758,1759,1771,1,13
495,2,48,1345,1347,1774,2,429
496,3,48,1345,1348,1777,3,432
606,1,48,1765,1767,1780,2,15
499,2,48,1360,1362,1783,2,423
609,1,48,1772,1774,1786,2,14
500,3,48,1360,1363,1789,3,429
503,2,48,1375,1377,1792,2,417
610,1,48,1780,1782,1795,2,15
504,3,48,1375,1378,1798,3,423
613,1,48,1788,1789,1801,1,13
507,2,48,1390,1392,1804,2,414
508,3,48,1390,1393,1807,3,417
614,1,48,1795,1797,1810,2,15
511,2,48,1405,1407,1813,2,408
617,1,48,1802,1804,1816,2,14
512,3,48,1405,1408,1819,3,414
515,2,48,1420,1422,1822,2,402
618,1,48,1810,1812,1825,2,15
516,3,48,1420,1423,1828,3,408
621,1,48,1818,1819,1831,1,13
519,2,48,1435,1437,1834,2,399
520,3,48,1435,1438,1837,3,402
622,1,48,1825,1827,1840,2,15
523,2,48,1450,1452,1843,2,393
625,1,48,1832,1834,1846,2,14
524,3,48,1450,1453,1849,3,399
527,2,48,1465,1467,1852,2,387
626,1,48,1840,1842,1855,2,15
528,3,48,1465,1468,1858,3,393
629,1,48,1848,1849,1861,1,13
531,2,48,1480,1482,1864,2,384
532,3,48,1480,1483,1867,3,387
630,1,48,1855,1857,1870,2,15
535,2,48,1495,1497,1873,2,378
633,1,48,1862,1864,1876,2,14
536,3,48,1495,1498,1879,3,384
539,2,48,1510,1512,1882,2,372
634,1,48,1870,1872,1885,2,15
540,3,48,1510,1513,1888,3,378
637,1,48,1878,1879,1891,1,13
543,2,48,1525,1527,1894,2,369
544,3,48,1525,1528,1897,3,372
638,1,48,1885,1887,1900,2,15
547,2,48,1540,1542,1903,2,363
641,1,48,1892,1894,1906,2,14
548,3,48,1540,1543,1909,3,369
551,2,48,1555,1558,1912,3,357
642,1,48,1900,1902,1915,2,15
552,3,48,1555,1559,1918,4,363
645,1,48,1908,1909,1921,1,13
555,2,48,1570,1573,1924,3,354
556,3,48,1570,1574,1927,4,357
646,1,48,1915,1917,1930,2,15
559,2,48,1585,1588,1933,3,348
649,1,48,1922,1924,1936,2,14
560,3,48,1585,1589,1939,4,354
563,2,48,1600,1603,1942,3,342
650,1,48,1930,1932,1945,2,15
564,3,48,1600,1604,1948,4,348
653,1,48,1938,1939,1951,1,13
567,2,48,1615,1618,1954,3,339
568,3,48,1615,1619,1957,4,342
654,1,48,1945,1947,1960,2,15
571,2,48,1630,1633,1963,3,333
657,1,48,1952,1954,1966,2,14
572,3,48,1630,1634,1969,4,339
575,2,48,1645,1648,1972,3,327
658,1,48,1960,1962,1975,2,15
576,3,48,1645,1649,1978,4,333
661,1,48,1968,1969,1981,1,13
579,2,48,1660,1663,1984,3,324
580,3,48,1660,1664,1987,4,327
662,1,48,1975,1977,1990,2,15
583,2,48,1675,1678,1993,3,318
665,1,48,1982,1984,1996,2,14
584,3,48,1675,1679,1999,4,324
587,2,48,1690,1693,2002,3,312
666,1,48,1990,1992,2005,2,15
588,3,48,1690,1694,2008,4,318
669,1,48,1998,1999,2011,1,13
591,2,48,1705,1708,2014,3,309
592,3,48,1705,1709,2017,4,312
670,1,48,2005,2007,2020,2,15
595,2,48,1720,1723,2023,3,303
673,1,48,2012,2014,2026,2,14
596,3,48,1720,1724,2029,4,309
599,2,48,1735,1738,2032,3,297
674,1,48,2020,2022,2035,2,15
600,3,48,1735,1739,2038,4,303
677,1,48,2028,2029,2041,1,13
603,2,48,1750,1753,2044,3,294
604,3,48,1750,1754,2047,4,297
678,1,48,2035,2037,2050,2,15
607,2,48,1765,1768,2053,3,288
681,1,48,2042,2044,2056,2,14
608,3,48,1765,1769,2059,4,294
611,2,48,1780,1783,2062,3,282
682,1,48,2050,2052,2065,2,15
612,3,48,1780,1784,2068,4,288
685,1,48,2058,2059,2071,1,13
615,2,48,1795,1798,2074,3,279
616,3,48,1795,1799,2077,4,282
686,1,48,2065,2067,2080,2,15
619,2,48,1810,1813,2083,3,273
689,1,48,2072,2074,2086,2,14
620,3,48,1810,1814,2089,4,279
623,2,48,1825,1828,2092,3,267
690,1,48,2080,2082,2095,2,15
624,3,48,1825,1829,2098,4,273
693,1,48,2088,2089,2101,1,13
627,2,48,1840,1843,2104,3,264
628,3,48,1840,1844,2107,4,267
694,1,48,2095,2097,2110,2,15
631,2,48,1855,1858,2113,3,258
697,1,48,2102,2104,2116,2,14
632,3,48,1855,1859,2119,4,264
635,2,48,1870,1873,2122,3,252
698,1,48,2110,2112,2125,2,15
636,3,48,1870,1874,2128,4,258
701,1,48,2118,2119,2131,1,13
639,2,48,1885,1888,2134,3,249
640,3,48,1885,1889,2137,4,252
702,1,48,2125,2127,2140,2,15
643,2,48,1900,1903,2143,3,243
705,1,48,2132,2134,2146,2,14
644,3,48,1900,1904,2149,4,249
647,2,48,1915,1918,2152,3,237
706,1,48,2140,2142,2155,2,15
648,3,48,1915,1919,2158,4,243
709,1,48,2148,2149,2161,1,13
651,2,48,1930,1933,2164,3,234
652,3,48,1930,1934,2167,4,237
710,1,48,2155,2157,2170,2,15
655,2,48,1945,1948,2173,3,228
713,1,48,2162,2164,2176,2,14
656,3,48,1945,1949,2179,4,234
659,2,48,1960,1963,2182,3,222
714,1,48,2170,2172,2185,2,15
660,3,48,1960,1964,2188,4,228
717,1,48,2178,2179,2191,1,13
663,2,48,1975,1978,2194,3,219
664,3,48,1975,1979,2197,4,222
718,1,48,2185,2187,2200,2,15
667,2,48,1990,1993,2203,3,213
721,1,48,2192,2194,2206,2,14
668,3,48,1990,1994,2209,4,219
671,2,48,2005,2008,2212,3,207
722,1,48,2200,2202,2215,2,15
672,3,48,2005,2009,2218,4,213
725,1,48,2208,2209,2221,1,13
675,2,48,2020,2023,2224,3,204
676,3,48,2020,2024,2227,4,207
726,1,48,2215,2217,2230,2,15
679,2,48,2035,2038,2233,3,198
729,1,48,2222,2224,2236,2,14
680,3,48,2035,2039,2239,4,204
683,2,48,2050,2053,2242,3,192
730,1,48,2230,2232,2245,2,15
684,3,48,2050,2054,2248,4,198
733,1,48,2238,2239,2251,1,13
687,2,48,2065,2068,2254,3,189
688,3,48,2065,2069,2257,4,192
734,1,48,2245,2247,2260,2,15
691,2,48,2080,2083,2263,3,183
737,1,48,2252,2254,2266,2,14
692,3,48,2080,2084,2269,4,189
695,2,48,2095,2098,2272,3,177
738,1,48,2260,2262,2275,2,15
696,3,48,2095,2099,2278,4,183
741,1,48,2268,2269,2281,1,13
699,2,48,2110,2113,2284,3,174
700,3,48,2110,2114,2287,4,177
742,1,48,2275,2277,2290,2,15
703,2,48,2125,2128,2293,3,168
745,1,48,2282,2284,2296,2,14
704,3,48,2125,2129,2299,4,174
707,2,48,2140,2143,2302,3,162
746,1,48,2290,2292,2305,2,15
708,3,48,2140,2144,2308,4,168
749,1,48,2298,2299,2311,1,13
711,2,48,2155,2158,2314,3,159
712,3,48,2155,2159,2317,4,162
750,1,48,2305,2307,2320,2,15
715,2,48,2170,2173,2323,3,153
753,1,48,2312,2314,2326,2,14
716,3,48,2170,2174,2329,4,159
719,2,48,2185,2188,2332,3,147
754,1,48,2320,2322,2335,2,15
720,3,48,2185,2189,2338,4,153
757,1,48,2328,2329,2341,1,13
723,2,48,2200,2203,2344,3,144
724,3,48,2200,2204,2347,4,147
758,1,48,2335,2337,2350,2,15
727,2,48,2215,2218,2353,3,138
761,1,48,2342,2344,2356,2,14
728,3,48,2215,2219,2359,4,144
731,2,48,2230,2233,2362,3,132
762,1,48,2350,2352,2365,2,15
732,3,48,2230,2234,2368,4,138
765,1,48,2358,2359,2371,1,13
735,2,48,2245,2248,2374,3,129
736,3,48,2245,2249,2377,4,132
766,1,48,2365,2367,2380,2,15
739,2,48,2260,2263,2383,3,123
769,1,48,2372,2374,2386,2,14
740,3,48,2260,2264,2389,4,129
743,2,48,2275,2278,2392,3,117
770,1,48,2380,2382,2395,2,15
744,3,48,2275,2279,2398,4,123
773,1,48,2388,2389,2401,1,13
747,2,48,2290,2293,2404,3,114
748,3,48,2290,2294,2407,4,117
774,1,48,2395,2397,2410,2,15
751,2,48,2305,2308,2413,3,108
777,1,48,2402,2404,2416,2,14
752,3,48,2305,2309,2419,4,114
755,2,48,2320,2323,2422,3,102
778,1,48,2410,2412,2425,2,15
756,3,48,2320,2324,2428,4,108
781,1,48,2418,2419,2431,1,13
759,2,48,2335,2338,2434,3,99
760,3,48,2335,2339,2437,4,102
782,1,48,2425,2427,2440,2,15
763,2,48,2350,2353,2443,3,93
785,1,48,2432,2434,2446,2,14
764,3,48,2350,2354,2449,4,99
767,2,48,2365,2368,2452,3,87
786,1,48,2440,2442,2455,2,15
768,3,48,2365,2369,2458,4,93
789,1,48,2448,2449,2461,1,13
771,2,48,2380,2383,2464,3,84
772,3,48,2380,2384,2467,4,87
790,1,48,2455,2457,2470,2,15
775,2,48,2395,2398,2473,3,78
793,1,48,2462,2464,2476,2,14
776,3,48,2395,2399,2479,4,84
779,2,48,2410,2413,2482,3,72
794,1,48,2470,2472,2485,2,15
780,3,48,2410,2414,2488,4,78
797,1,48,2478,2479,2491,1,13
783,2,48,2425,2428,2494,3,69
784,3,48,2425,2429,2497,4,72
798,1,48,2485,2487,2500,2,15
787,2,48,2440,2443,2503,3,63
801,1,48,2492,2494,2506,2,14
788,3,48,2440,2444,2509,4,69
791,2,48,2455,2458,2512,3,57
802,1,48,2500,2502,2515,2,15
792,3,48,2455,2459,2518,4,63
805,1,48,2508,2509,2521,1,13
795,2,48,2470,2473,2524,3,54
796,3,48,2470,2474,2527,4,57
806,1,48,2515,2517,2530,2,15
799,2,48,2485,2488,2533,3,48
809,1,48,2522,2524,2536,2,14
800,3,48,2485,2489,2539,4,54
803,2,48,2500,2503,2542,3,42
810,1,48,2530,2532,2545,2,15
804,3,48,2500,2504,2548,4,48
813,1,48,2538,2539,2551,1,13
807,2,48,2515,2518,2554,3,39
814,1,48,2545,2546,2557,1,12
808,3,48,2515,2519,2560,4,45
817,1,48,2552,2553,2565,1,13
811,2,48,2530,2533,2568,3,38
812,3,48,2530,2534,2572,4,42
818,1,48,2560,2562,2575,2,15
815,2,48,2545,2547,2578,2,33
821,1,48,2568,2569,2582,1,14
822,1,48,2575,2576,2588,1,13
816,3,48,2545,2548,2591,3,46
825,1,48,2582,2583,2595,1,13
819,2,48,2560,2563,2598,3,38
820,3,48,2560,2564,2602,4,42
826,1,48,2590,2592,2605,2,15
823,2,48,2575,2577,2608,2,33
829,1,48,2598,2599,2612,1,14
830,1,48,2605,2606,2618,1,13
824,3,48,2575,2578,2621,3,46
833,1,48,2612,2613,2625,1,13
827,2,48,2590,2593,2628,3,38
828,3,48,2590,2594,2632,4,42
834,1,48,2620,2622,2635,2,15
831,2,48,2605,2607,2638,2,33
837,1,48,2628,2629,2642,1,14
838,1,48,2635,2636,2648,1,13
832,3,48,2605,2608,2651,3,46
841,1,48,2642,2643,2655,1,13
835,2,48,2620,2623,2658,3,38
836,3,48,2620,2624,2662,4,42
842,1,48,2650,2652,2665,2,15
839,2,48,2635,2637,2668,2,33
845,1,48,2658,2659,2672,1,14
846,1,48,2665,2666,2678,1,13
840,3,48,2635,2638,2681,3,46
849,1,48,2672,2673,2685,1,13
843,2,48,2650,2653,2688,3,38
844,3,48,2650,2654,2692,4,42
850,1,48,2680,2682,2695,2,15
847,2,48,2665,2667,2698,2,33
853,1,48,2688,2689,2702,1,14
854,1,48,2695,2696,2708,1,13
848,3,48,2665,2668,2711,3,46
857,1,48,2702,2703,2715,1,13
851,2,48,2680,2683,2718,3,38
852,3,48,2680,2684,2722,4,42
858,1,48,2710,2712,2725,2,15
855,2,48,2695,2697,2728,2,33
861,1,48,2718,2719,2732,1,14
862,1,48,2725,2726,2738,1,13
856,3,48,2695,2698,2741,3,46
865,1,48,2732,2733,2745,1,13
859,2,48,2710,2713,2748,3,38
860,3,48,2710,2714,2752,4,42
866,1,48,2740,2742,2755,2,15
863,2,48,2725,2727,2758,2,33
869,1,48,2748,2749,2762,1,14
870,1,48,2755,2756,2768,1,13
864,3,48,2725,2728,2771,3,46
873,1,48,2762,2763,2775,1,13
867,2,48,2740,2743,2778,3,38
868,3,48,2740,2744,2782,4,42
874,1,48,2770,2772,2785,2,15
871,2,48,2755,2757,2788,2,33
877,1,48,2778,2779,2792,1,14
878,1,48,2785,2786,2798,1,13
872,3,48,2755,2758,2801,3,46
881,1,48,2792,2793,2805,1,13
875,2,48,2770,2773,2808,3,38
876,3,48,2770,2774,2812,4,42
882,1,48,2800,2802,2815,2,15
879,2,48,2785,2787,2818,2,33
885,1,48,2808,2809,2822,1,14
886,1,48,2815,2816,2828,1,13
880,3,48,2785,2788,2831,3,46
889,1,48,2822,2823,2835,1,13
883,2,48,2800,2803,2838,3,38
884,3,48,2800,2804,2842,4,42
890,1,48,2830,2832,2845,2,15
887,2,48,2815,2817,2848,2,33
893,1,48,2838,2839,2852,1,14
894,1,48,2845,2846,2858,1,13
888,3,48,2815,2818,2861,3,46
897,1,48,2852,2853,2865,1,13
891,2,48,2830,2833,2868,3,38
892,3,48,2830,2834,2872,4,42
898,1,48,2860,2862,2875,2,15
895,2,48,2845,2847,2878,2,33
901,1,48,2868,2869,2882,1,14
902,1,48,2875,2876,2888,1,13
896,3,48,2845,2848,2891,3,46
905,1,48,2882,2883,2895,1,13
899,2,48,2860,2863,2898,3,38
900,3,48,2860,2864,2902,4,42
906,1,48,2890,2892,2905,2,15
903,2,48,2875,2877,2908,2,33
909,1,48,2898,2899,2912,1,14
910,1,48,2905,2906,2918,1,13
904,3,48,2875,2878,2921,3,46
913,1,48,2912,2913,2925,1,13
907,2,48,2890,2893,2928,3,38
908,3,48,2890,2894,2932,4,42
914,1,48,2920,2922,2935,2,15
911,2,48,2905,2907,2938,2,33
917,1,48,2928,2929,2942,1,14
918,1,48,2935,2936,2948,1,13
912,3,48,2905,2908,2951,3,46
921,1,48,2942,2943,2955,1,13
915,2,48,2920,2923,2958,3,38
916,3,48,2920,2924,2962,4,42
922,1,48,2950,2952,2965,2,15
919,2,48,2935,2937,2968,2,33
925,1,48,2958,2959,2972,1,14
926,1,48,2965,2966,2978,1,13
920,3,48,2935,2938,2981,3,46
929,1,48,2972,2973,2985,1,13
923,2,48,2950,2953,2988,3,38
924,3,48,2950,2954,2992,4,42
930,1,48,2980,2982,2995,2,15
927,2,48,2965,2967,2998,2,33
933,1,48,2988,2989,3002,1,14
934,1,48,2995,2996,3008,1,13
928,3,48,2965,2968,3011,3,46
937,1,48,3002,3003,3015,1,13
931,2,48,2980,2983,3018,3,38
932,3,48,2980,2984,3022,4,42
938,1,48,3010,3012,3025,2,15
935,2,48,2995,2997,3028,2,33
941,1,48,3018,3019,3032,1,14
942,1,48,3025,3026,3038,1,13
936,3,48,2995,2998,3041,3,46
945,1,48,3032,3033,3045,1,13
939,2,48,3010,3013,3048,3,38
940,3,48,3010,3014,3052,4,42
946,1,48,3040,3042,3055,2,15
943,2,48,3025,3027,3058,2,33
949,1,48,3048,3049,3062,1,14
950,1,48,3055,3056,3068,1,13
944,3,48,3025,3028,3071,3,46
953,1,48,3062,3063,3075,1,13
947,2,48,3040,3043,3078,3,38
948,3,48,3040,3044,3082,4,42
954,1,48,3070,3072,3085,2,15
951,2,48,3055,3057,3088,2,33
957,1,48,3078,3079,3092,1,14
958,1,48,3085,3086,3098,1,13
952,3,48,3055,3058,3101,3,46
961,1,48,3092,3093,3105,1,13
955,2,48,3070,3073,3108,3,38
956,3,48,3070,3074,3112,4,42
962,1,48,3100,3102,3115,2,15
959,2,48,3085,3087,3118,2,33
965,1,48,3108,3109,3122,1,14
966,1,48,3115,3116,3128,1,13
960,3,48,3085,3088,3131,3,46
969,1,48,3122,3123,3135,1,13
963,2,48,3100,3103,3138,3,38
964,3,48,3100,3104,3142,4,42
970,1,48,3130,3132,3145,2,15
967,2,48,3115,3117,3148,2,33
973,1,48,3138,3139,3152,1,14
974,1,48,3145,3146,3158,1,13
968,3,48,3115,3118,3161,3,46
977,1,48,3152,3153,3165,1,13
971,2,48,3130,3133,3168,3,38
972,3,48,3130,3134,3172,4,42
978,1,48,3160,3162,3175,2,15
975,2,48,3145,3147,3178,2,33
981,1,48,3168,3169,3182,1,14
982,1,48,3175,3176,3188,1,13
976,3,48,3145,3148,3191,3,46
985,1,48,3182,3183,3195,1,13
979,2,48,3160,3163,3198,3,38
980,3,48,3160,3164,3202,4,42
986,1,48,3190,3192,3205,2,15
983,2,48,3175,3177,3208,2,33
989,1,48,3198,3199,3212,1,14
990,1,48,3205,3206,3218,1,13
984,3,48,3175,3178,3221,3,46
993,1,48,3212,3213,3225,1,13
987,2,48,3190,3193,3228,3,38
988,3,48,3190,3194,3232,4,42
994,1,48,3220,3222,3235,2,15
991,2,48,3205,3207,3238,2,33
997,1,48,3228,3229,3242,1,14
998,1,48,3235,3236,3248,1,13
992,3,48,3205,3208,3251,3,46
1001,1,48,3242,3243,3255,1,13
995,2,48,3220,3223,3258,3,38
996,3,48,3220,3224,3262,4,42
1002,1,48,3250,3252,3265,2,15
999,2,48,3235,3237,3268,2,33
1005,1,48,3258,3259,3272,1,14
1006,1,48,3265,3266,3278,1,13
1000,3,48,3235,3238,3281,3,46
1009,1,48,3272,3273,3285,1,13
1003,2,48,3250,3253,3288,3,38
1004,3,48,3250,3254,3292,4,42
1010,1,48,3280,3282,3295,2,15
1007,2,48,3265,3267,3298,2,33
1013,1,48,3288,3289,3302,1,14
1014,1,48,3295,3296,3308,1,13
1008,3,48,3265,3268,3311,3,46
1017,1,48,3302,3303,3315,1,13
1011,2,48,3280,3283,3318,3,38
1012,3,48,3280,3284,3322,4,42
1018,1,48,3310,3312,3325,2,15
1015,2,48,3295,3297,3328,2,33
1021,1,48,3318,3319,3332,1,14
1022,1,48,3325,3326,3338,1,13
1016,3,48,3295,3298,3341,3,46
1025,1,48,3332,3333,3345,1,13
1019,2,48,3310,3313,3348,3,38
1020,3,48,3310,3314,3352,4,42
1026,1,48,3340,3342,3355,2,15
1023,2,48,3325,3327,3358,2,33
1029,1,48,3348,3349,3362,1,14
1030,1,48,3355,3356,3368,1,13
1024,3,48,3325,3328,3371,3,46
1033,1,48,3362,3363,3375,1,13
1027,2,48,3340,3343,3378,3,38
1028,3,48,3340,3344,3382,4,42
1034,1,48,3370,3372,3385,2,15
1031,2,48,3355,3357,3388,2,33
1037,1,48,3378,3379,3392,1,14
1038,1,48,3385,3386,3398,1,13
1032,3,48,3355,3358,3401,3,46
1041,1,48,3392,3393,3405,1,13
1035,2,48,3370,3373,3408,3,38
1036,3,48,3370,3374,3412,4,42
1042,1,48,3400,3402,3415,2,15
1039,2,48,3385,3387,3418,2,33
1045,1,48,3408,3409,3422,1,14
1046,1,48,3415,3416,3428,1,13
1040,3,48,3385,3388,3431,3,46
1049,1,48,3422,3423,3435,1,13
1043,2,48,3400,3403,3438,3,38
1044,3,48,3400,3404,3442,4,42
1050,1,48,3430,3432,3445,2,15
1047,2,48,3415,3417,3448,2,33
1053,1,48,3438,3439,3452,1,14
1054,1,48,3445,3446,3458,1,13
1048,3,48,3415,3418,3461,3,46
1057,1,48,3452,3453,3465,1,13
1051,2,48,3430,3433,3468,3,38
1052,3,48,3430,3434,3472,4,42
1058,1,48,3460,3462,3475,2,15
1055,2,48,3445,3447,3478,2,33
1061,1,48,3468,3469,3482,1,14
1062,1,48,3475,3476,3488,1,13
1056,3,48,3445,3448,3491,3,46
1065,1,48,3482,3483,3495,1,13
1059,2,48,3460,3463,3498,3,38
1060,3,48,3460,3464,3502,4,42
1066,1,48,3490,3492,3505,2,15
1063,2,48,3475,3477,3508,2,33
1069,1,48,3498,3499,3512,1,14
1070,1,48,3505,3506,3518,1,13
1064,3,48,3475,3478,3521,3,46
1073,1,48,3512,3513,3525,1,13
1067,2,48,3490,3493,3528,3,38
1068,3,48,3490,3494,3532,4,42
1074,1,48,3520,3522,3535,2,15
1071,2,48,3505,3507,3538,2,33
1077,1,48,3528,3529,3542,1,14
1078,1,48,3535,3536,3548,1,13
1072,3,48,3505,3508,3551,3,46
1081,1,48,3542,3543,3555,1,13
1075,2,48,3520,3523,3558,3,38
1076,3,48,3520,3524,3562,4,42
1082,1,48,3550,3552,3565,2,15
1079,2,48,3535,3537,3568,2,33
1085,1,48,3558,3559,3572,1,14
1086,1,48,3565,3566,3578,1,13
1080,3,48,3535,3538,3581,3,46
1089,1,48,3572,3573,3585,1,13
1083,2,48,3550,3553,3588,3,38
1084,3,48,3550,3554,3592,4,42
1090,1,48,3580,3582,3595,2,15
1087,2,48,3565,3567,3598,2,33
1093,1,48,3588,3589,3602,1,14
1094,1,48,3595,3596,3608,1,13
1088,3,48,3565,3568,3611,3,46
1097,1,48,3602,3603,3615,1,13
1091,2,48,3580,3583,3618,3,38
1092,3,48,3580,3584,3622,4,42
1098,1,48,3610,3612,3625,2,15
1095,2,48,3595,3597,3628,2,33
1101,1,48,3618,3619,3632,1,14
1102,1,48,3625,3626,3638,1,13
1096,3,48,3595,3598,3641,3,46
1105,1,48,3632,3633,3645,1,13
1099,2,48,3610,3613,3648,3,38
1100,3,48,3610,3614,3652,4,42
1106,1,48,3640,3642,3655,2,15
1103,2,48,3625,3627,3658,2,33
1109,1,48,3648,3649,3662,1,14
1110,1,48,3655,3656,3668,1,13
1104,3,48,3625,3628,3671,3,46
1113,1,48,3662,3663,3675,1,13
1107,2,48,3640,3643,3678,3,38
1108,3,48,3640,3644,3682,4,42
1114,1,48,3670,3672,3685,2,15
1111,2,48,3655,3657,3688,2,33
1117,1,48,3678,3679,3692,1,14
1118,1,48,3685,3686,3698,1,13
1112,3,48,3655,3658,3701,3,46
1121,1,48,3692,3693,3705,1,13
1115,2,48,3670,3673,3708,3,38
1116,3,48,3670,3674,3712,4,42
1122,1,48,3700,3702,3715,2,15
1119,2,48,3685,3687,3718,2,33
1125,1,48,3708,3709,3722,1,14
1126,1,48,3715,3716,3728,1,13
1120,3,48,3685,3688,3731,3,46
1129,1,48,3722,3723,3735,1,13
1123,2,48,3700,3703,3738,3,38
1124,3,48,3700,3704,3742,4,42
1130,1,48,3730,3732,3745,2,15
1127,2,48,3715,3717,3748,2,33
1133,1,48,3738,3739,3752,1,14
1134,1,48,3745,3746,3758,1,13
1128,3,48,3715,3718,3761,3,46
1137,1,48,3752,3753,3765,1,13
1131,2,48,3730,3733,3768,3,38
1132,3,48,3730,3734,3772,4,42
1138,1,48,3760,3762,3775,2,15
1135,2,48,3745,3747,3778,2,33
1141,1,48,3768,3769,3782,1,14
1142,1,48,3775,3776,3788,1,13
1136,3,48,3745,3748,3791,3,46
1145,1,48,3782,3783,3795,1,13
1139,2,48,3760,3763,3798,3,38
1140,3,48,3760,3764,3802,4,42
1146,1,48,3790,3792,3805,2,15
1143,2,48,3775,3777,3808,2,33
1149,1,48,3798,3799,3812,1,14
1150,1,48,3805,3806,3818,1,13
1144,3,48,3775,3778,3821,3,46
1153,1,48,3812,3813,3825,1,13
1147,2,48,3790,3793,3828,3,38
1148,3,48,3790,3794,3832,4,42
1154,1,48,3820,3822,3835,2,15
1151,2,48,3805,3807,3838,2,33
1157,1,48,3828,3829,3842,1,14
1158,1,48,3835,3836,3848,1,13
1152,3,48,3805,3808,3851,3,46
1161,1,48,3842,3843,3855,1,13
1155,2,48,3820,3823,3858,3,38
1156,3,48,3820,3824,3862,4,42
1162,1,48,3850,3852,3865,2,15
1159,2,48,3835,3837,3868,2,33
1165,1,48,3858,3859,3872,1,14
1166,1,48,3865,3866,3878,1,13
1160,3,48,3835,3838,3881,3,46
1169,1,48,3872,3873,3885,1,13
1163,2,48,3850,3853,3888,3,38
1164,3,48,3850,3854,3892,4,42
1170,1,48,3880,3882,3895,2,15
1167,2,48,3865,3867,3898,2,33
1173,1,48,3888,3889,3902,1,14
1174,1,48,3895,3896,3908,1,13
1168,3,48,3865,3868,3911,3,46
1177,1,48,3902,3903,3915,1,13
1171,2,48,3880,3883,3918,3,38
1172,3,48,3880,3884,3922,4,42
1178,1,48,3910,3912,3925,2,15
1175,2,48,3895,3897,3928,2,33
1181,1,48,3918,3919,3932,1,14
1182,1,48,3925,3926,3938,1,13
1176,3,48,3895,3898,3941,3,46
1185,1,48,3932,3933,3945,1,13
1179,2,48,3910,3913,3948,3,38
1180,3,48,3910,3914,3952,4,42
1186,1,48,3940,3942,3955,2,15
1183,2,48,3925,3927,3958,2,33
1189,1,48,3948,3949,3962,1,14
1190,1,48,3955,3956,3968,1,13
1184,3,48,3925,3928,3971,3,46
1193,1,48,3962,3963,3975,1,13
1187,2,48,3940,3943,3978,3,38
1188,3,48,3940,3944,3982,4,42
1194,1,48,3970,3972,3985,2,15
1191,2,48,3955,3957,3988,2,33
1197,1,48,3978,3979,3992,1,14
1198,1,48,3985,3986,3998,1,13
1192,3,48,3955,3958,4001,3,46
1201,1,48,3992,3993,4005,1,13
1195,2,48,3970,3973,4008,3,38
1196,3,48,3970,3974,4012,4,42
1202,1,48,4000,4002,4015,2,15
1199,2,48,3985,3987,4018,2,33
1205,1,48,4008,4009,4022,1,14
1206,1,48,4015,4016,4028,1,13
1200,3,48,3985,3988,4031,3,46
1209,1,48,4022,4023,4035,1,13
1203,2,48,4000,4003,4038,3,38
1204,3,48,4000,4004,4042,4,42
1210,1,48,4030,4032,4045,2,15
1207,2,48,4015,4017,4048,2,33
1213,1,48,4038,4039,4052,1,14
1214,1,48,4045,4046,4058,1,13
1208,3,48,4015,4018,4061,3,46
1217,1,48,4052,4053,4065,1,13
1211,2,48,4030,4033,4068,3,38
1212,3,48,4030,4034,4072,4,42
1218,1,48,4060,4062,4075,2,15
1215,2,48,4045,4047,4078,2,33
1221,1,48,4068,4069,4082,1,14
1222,1,48,4075,4076,4088,1,13
1216,3,48,4045,4048,4091,3,46
1225,1,48,4082,4083,4095,1,13
1219,2,48,4060,4063,4098,3,38
1220,3,48,4060,4064,4102,4,42
1226,1,48,4090,4092,4105,2,15
1223,2,48,4075,4077,4108,2,33
1229,1,48,4098,4099,4112,1,14
1230,1,48,4105,4106,4118,1,13
1224,3,48,4075,4078,4121,3,46
1233,1,48,4112,4113,4125,1,13
1227,2,48,4090,4093,4128,3,38
1228,3,48,4090,4094,4132,4,42
1234,1,48,4120,4122,4135,2,15
1231,2,48,4105,4107,4138,2,33
1237,1,48,4128,4129,4142,1,14
1238,1,48,4135,4136,4148,1,13
1232,3,48,4105,4108,4151,3,46
1241,1,48,4142,4143,4155,1,13
1235,2,48,4120,4123,4158,3,38
1236,3,48,4120,4124,4162,4,42
1242,1,48,4150,4152,4165,2,15
1239,2,48,4135,4137,4168,2,33
1245,1,48,4158,4159,4172,1,14
1246,1,48,4165,4166,4178,1,13
1240,3,48,4135,4138,4181,3,46
1249,1,48,4172,4173,4185,1,13
1243,2,48,4150,4153,4188,3,38
1244,3,48,4150,4154,4192,4,42
1250,1,48,4180,4182,4195,2,15
1247,2,48,4165,4167,4198,2,33
1253,1,48,4188,4189,4202,1,14
1254,1,48,4195,4196,4208,1,13
1248,3,48,4165,4168,4211,3,46
1257,1,48,4202,4203,4215,1,13
1251,2,48,4180,4183,4218,3,38
1252,3,48,4180,4184,4222,4,42
1258,1,48,4210,4212,4225,2,15
1255,2,48,4195,4197,4228,2,33
1261,1,48,4218,4219,4232,1,14
1262,1,48,4225,4226,4238,1,13
1256,3,48,4195,4198,4241,3,46
1265,1,48,4232,4233,4245,1,13
1259,2,48,4210,4213,4248,3,38
1260,3,48,4210,4214,4252,4,42
1266,1,48,4240,4242,4255,2,15
1263,2,48,4225,4227,4258,2,33
1269,1,48,4248,4249,4262,1,14
1270,1,48,4255,4256,4268,1,13
1264,3,48,4225,4228,4271,3,46
1273,1,48,4262,4263,4275,1,13
1267,2,48,4240,4243,4278,3,38
1268,3,48,4240,4244,4282,4,42
1274,1,48,4270,4272,4285,2,15
1271,2,48,4255,4257,4288,2,33
1277,1,48,4278,4279,4292,1,14
1278,1,48,4285,4286,4298,1,13
1272,3,48,4255,4258,4301,3,46
1281,1,48,4292,4293,4305,1,13
1275,2,48,4270,4273,4308,3,38
1276,3,48,4270,4274,4312,4,42
1282,1,48,4300,4302,4315,2,15
1279,2,48,4285,4287,4318,2,33
1285,1,48,4308,4309,4322,1,14
1286,1,48,4315,4316,4328,1,13
1280,3,48,4285,4288,4331,3,46
1289,1,48,4322,4323,4335,1,13
1283,2,48,4300,4303,4338,3,38
1284,3,48,4300,4304,4342,4,42
1290,1,48,4330,4332,4345,2,15
1287,2,48,4315,4317,4348,2,33
1293,1,48,4338,4339,4352,1,14
1294,1,48,4345,4346,4358,1,13
1288,3,48,4315,4318,4361,3,46
1297,1,48,4352,4353,4365,1,13
1291,2,48,4330,4333,4368,3,38
1292,3,48,4330,4334,4372,4,42
1298,1,48,4360,4362,4375,2,15
1295,2,48,4345,4347,4378,2,33
1301,1,48,4368,4369,4382,1,14
1302,1,48,4375,4376,4388,1,13
1296,3,48,4345,4348,4391,3,46
1305,1,48,4382,4383,4395,1,13
1299,2,48,4360,4363,4398,3,38
1300,3,48,4360,4364,4402,4,42
1306,1,48,4390,4392,4405,2,15
1303,2,48,4375,4377,4408,2,33
1309,1,48,4398,4399,4412,1,14
1310,1,48,4405,4406,4418,1,13
1304,3,48,4375,4378,4421,3,46
1313,1,48,4412,4413,4425,1,13
1307,2,48,4390,4393,4428,3,38
1308,3,48,4390,4394,4432,4,42
1314,1,48,4420,4422,4435,2,15
1311,2,48,4405,4407,4438,2,33
1317,1,48,4428,4429,4442,1,14
1318,1,48,4435,4436,4448,1,13
1312,3,48,4405,4408,4451,3,46
1321,1,48,4442,4443,4455,1,13
1315,2,48,4420,4423,4458,3,38
1316,3,48,4420,4424,4462,4,42
1322,1,48,4450,4452,4465,2,15
1319,2,48,4435,4437,4468,2,33
1325,1,48,4458,4459,4472,1,14
1326,1,48,4465,4466,4478,1,13
1320,3,48,4435,4438,4481,3,46
1329,1,48,4472,4473,4485,1,13
1323,2,48,4450,4453,4488,3,38
1324,3,48,4450,4454,4492,4,42
1330,1,48,4480,4482,4495,2,15
1327,2,48,4465,4467,4498,2,33
1333,1,48,4488,4489,4502,1,14
1334,1,48,4495,4496,4508,1,13
1328,3,48,4465,4468,4511,3,46
1337,1,48,4502,4503,4515,1,13
1331,2,48,4480,4483,4518,3,38
1332,3,48,4480,4484,4522,4,42
1338,1,48,4510,4512,4525,2,15
1335,2,48,4495,4497,4528,2,33
1341,1,48,4518,4519,4532,1,14
1342,1,48,4525,4526,4538,1,13
1336,3,48,4495,4498,4541,3,46
1345,1,48,4532,4533,4545,1,13
1339,2,48,4510,4513,4548,3,38
1340,3,48,4510,4514,4552,4,42
1346,1,48,4540,4542,4555,2,15
1343,2,48,4525,4527,4558,2,33
1349,1,48,4548,4549,4562,1,14
1350,1,48,4555,4556,4568,1,13
1344,3,48,4525,4528,4571,3,46
1353,1,48,4562,4563,4575,1,13
1347,2,48,4540,4543,4578,3,38
1348,3,48,4540,4544,4582,4,42
1354,1,48,4570,4572,4585,2,15
1351,2,48,4555,4557,4588,2,33
1357,1,48,4578,4579,4592,1,14
1358,1,48,4585,4586,4598,1,13
1352,3,48,4555,4558,4601,3,46
1361,1,48,4592,4593,4605,1,13
1355,2,48,4570,4573,4608,3,38
1356,3,48,4570,4574,4612,4,42
1362,1,48,4600,4602,4615,2,15
1359,2,48,4585,4587,4618,2,33
1365,1,48,4608,4609,4622,1,14
1366,1,48,4615,4616,4628,1,13
1360,3,48,4585,4588,4631,3,46
1369,1,48,4622,4623,4635,1,13
1363,2,48,4600,4603,4638,3,38
1364,3,48,4600,4604,4642,4,42
1370,1,48,4630,4632,4645,2,15
1367,2,48,4615,4617,4648,2,33
1373,1,48,4638,4639,4652,1,14
1374,1,48,4645,4646,4658,1,13
1368,3,48,4615,4618,4661,3,46
1377,1,48,4652,4653,4665,1,13
1371,2,48,4630,4633,4668,3,38
1372,3,48,4630,4634,4672,4,42
1378,1,48,4660,4662,4675,2,15
1375,2,48,4645,4647,4678,2,33
1381,1,48,4668,4669,4682,1,14
1382,1,48,4675,4676,4688,1,13
1376,3,48,4645,4648,4691,3,46
1385,1,48,4682,4683,4695,1,13
1379,2,48,4660,4663,4698,3,38
1380,3,48,4660,4664,4702,4,42
1386,1,48,4690,4692,4705,2,15
1383,2,48,4675,4677,4708,2,33
1389,1,48,4698,4699,4712,1,14
1390,1,48,4705,4706,4718,1,13
1384,3,48,4675,4678,4721,3,46
1393,1,48,4712,4713,4725,1,13
1387,2,48,4690,4693,4728,3,38
1388,3,48,4690,4694,4732,4,42
1394,1,48,4720,4722,4735,2,15
1391,2,48,4705,4707,4738,2,33
1397,1,48,4728,4729,4742,1,14
1398,1,48,4735,4736,4748,1,13
1392,3,48,4705,4708,4751,3,46
1401,1,48,4742,4743,4755,1,13
1395,2,48,4720,4723,4758,3,38
1396,3,48,4720,4724,4762,4,42
1402,1,48,4750,4752,4765,2,15
1399,2,48,4735,4737,4768,2,33
1405,1,48,4758,4759,4772,1,14
1406,1,48,4765,4766,4778,1,13
1400,3,48,4735,4738,4781,3,46
1409,1,48,4772,4773,4785,1,13
1403,2,48,4750,4753,4788,3,38
1404,3,48,4750,4754,4792,4,42
1410,1,48,4780,4782,4795,2,15
1407,2,48,4765,4767,4798,2,33
1413,1,48,4788,4789,4802,1,14
1414,1,48,4795,4796,4808,1,13
1408,3,48,4765,4768,4811,3,46
1417,1,48,4802,4803,4815,1,13
1411,2,48,4780,4783,4818,3,38
1412,3,48,4780,4784,4822,4,42
1418,1,48,4810,4812,4825,2,15
1415,2,48,4795,4797,4828,2,33
1421,1,48,4818,4819,4832,1,14
1422,1,48,4825,4826,4838,1,13
1416,3,48,4795,4798,4841,3,46
1425,1,48,4832,4833,4845,1,13
1419,2,48,4810,4813,4848,3,38
1420,3,48,4810,4814,4852,4,42
1426,1,48,4840,4842,4855,2,15
1423,2,48,4825,4827,4858,2,33
1429,1,48,4848,4849,4862,1,14
1430,1,48,4855,4856,4868,1,13
1424,3,48,4825,4828,4871,3,46
1433,1,48,4862,4863,4875,1,13
1427,2,48,4840,4843,4878,3,38
1428,3,48,4840,4844,4882,4,42
1434,1,48,4870,4872,4885,2,15
1431,2,48,4855,4857,4888,2,33
1437,1,48,4878,4879,4892,1,14
1438,1,48,4885,4886,4898,1,13
1432,3,48,4855,4858,4901,3,46
1441,1,48,4892,4893,4905,1,13
1435,2,48,4870,4873,4908,3,38
1436,3,48,4870,4874,4912,4,42
1442,1,48,4900,4902,4915,2,15
1439,2,48,4885,4887,4918,2,33
1445,1,48,4908,4909,4922,1,14
1446,1,48,4915,4916,4928,1,13
1440,3,48,4885,4888,4931,3,46
1449,1,48,4922,4923,4935,1,13
1443,2,48,4900,4903,4938,3,38
1444,3,48,4900,4904,4942,4,42
1450,1,48,4930,4932,4945,2,15
1447,2,48,4915,4917,4948,2,33
1453,1,48,4938,4939,4952,1,14
1454,1,48,4945,4946,4958,1,13
1448,3,48,4915,4918,4961,3,46
1457,1,48,4952,4953,4965,1,13
1451,2,48,4930,4933,4968,3,38
1452,3,48,4930,4934,4972,4,42
1458,1,48,4960,4962,4975,2,15
1455,2,48,4945,4947,4978,2,33
1461,1,48,4968,4969,4982,1,14
1462,1,48,4975,4976,4988,1,13
1456,3,48,4945,4948,4991,3,46
1465,1,48,4982,4983,4995,1,13
1459,2,48,4960,4963,4998,3,38
1460,3,48,4960,4964,5002,4,42
1466,1,48,4990,4992,5005,2,15
1463,2,48,4975,4977,5008,2,33
1469,1,48,4998,4999,5012,1,14
1470,1,48,5005,5006,5018,1,13
1464,3,48,4975,4978,5021,3,46
1473,1,48,5012,5013,5025,1,13
1467,2,48,4990,4993,5028,3,38
1468,3,48,4990,4994,5032,4,42
1474,1,48,5020,5022,5035,2,15
1471,2,48,5005,5007,5038,2,33
1477,1,48,5028,5029,5042,1,14
1478,1,48,5035,5036,5048,1,13
1472,3,48,5005,5008,5051,3,46
1481,1,48,5042,5043,5055,1,13
1475,2,48,5020,5023,5058,3,38
1476,3,48,5020,5024,5062,4,42
1482,1,48,5050,5052,5065,2,15
1479,2,48,5035,5037,5068,2,33
1485,1,48,5058,5059,5072,1,14
1486,1,48,5065,5066,5078,1,13
1480,3,48,5035,5038,5081,3,46
1489,1,48,5072,5073,5085,1,13
1483,2,48,5050,5053,5088,3,38
1484,3,48,5050,5054,5092,4,42
1490,1,48,5080,5082,5095,2,15
1487,2,48,5065,5067,5098,2,33
1493,1,48,5088,5089,5102,1,14
1494,1,48,5095,5096,5108,1,13
1488,3,48,5065,5068,5111,3,46
1497,1,48,5102,5103,5115,1,13
1491,2,48,5080,5083,5118,3,38
1492,3,48,5080,5084,5122,4,42
1498,1,48,5110,5112,5125,2,15
1495,2,48,5095,5097,5128,2,33
1501,1,48,5118,5119,5132,1,14
1502,1,48,5125,5126,5138,1,13
1496,3,48,5095,5098,5141,3,46
1505,1,48,5132,5133,5145,1,13
1499,2,48,5110,5113,5148,3,38
1500,3,48,5110,5114,5152,4,42
1506,1,48,5140,5142,5155,2,15
1503,2,48,5125,5127,5158,2,33
1509,1,48,5148,5149,5162,1,14
1510,1,48,5155,5156,5168,1,13
1504,3,48,5125,5128,5171,3,46
1513,1,48,5162,5163,5175,1,13
1507,2,48,5140,5143,5178,3,38
1508,3,48,5140,5144,5182,4,42
1514,1,48,5170,5172,5185,2,15
1511,2,48,5155,5157,5188,2,33
1517,1,48,5178,5179,5192,1,14
1518,1,48,5185,5186,5198,1,13
1512,3,48,5155,5158,5201,3,46
1521,1,48,5192,5193,5205,1,13
1515,2,48,5170,5173,5208,3,38
1516,3,48,5170,5174,5212,4,42
1522,1,48,5200,5202,5215,2,15
1519,2,48,5185,5187,5218,2,33
1525,1,48,5208,5209,5222,1,14
1526,1,48,5215,5216,5228,1,13
1520,3,48,5185,5188,5231,3,46
1529,1,48,5222,5223,5235,1,13
1523,2,48,5200,5203,5238,3,38
1524,3,48,5200,5204,5242,4,42
1530,1,48,5230,5232,5245,2,15
1527,2,48,5215,5217,5248,2,33
1533,1,48,5238,5239,5252,1,14
1534,1,48,5245,5246,5258,1,13
1528,3,48,5215,5218,5261,3,46
1537,1,48,5252,5253,5265,1,13
1531,2,48,5230,5233,5268,3,38
1532,3,48,5230,5234,5272,4,42
1538,1,48,5260,5262,5275,2,15
1535,2,48,5245,5247,5278,2,33
1541,1,48,5268,5269,5282,1,14
1542,1,48,5275,5276,5288,1,13
1536,3,48,5245,5248,5291,3,46
1545,1,48,5282,5283,5295,1,13
1539,2,48,5260,5263,5298,3,38
1540,3,48,5260,5264,5302,4,42
1546,1,48,5290,5292,5305,2,15
1543,2,48,5275,5277,5308,2,33
1549,1,48,5298,5299,5312,1,14
1550,1,48,5305,5306,5318,1,13
1544,3,48,5275,5278,5321,3,46
1553,1,48,5312,5313,5325,1,13
1547,2,48,5290,5293,5328,3,38
1548,3,48,5290,5294,5332,4,42
1554,1,48,5320,5322,5335,2,15
1551,2,48,5305,5307,5338,2,33
1557,1,48,5328,5329,5342,1,14
1558,1,48,5335,5336,5348,1,13
1552,3,48,5305,5308,5351,3,46
1561,1,48,5342,5343,5355,1,13
1555,2,48,5320,5323,5358,3,38
1556,3,48,5320,5324,5362,4,42
1562,1,48,5350,5352,5365,2,15
1559,2,48,5335,5337,5368,2,33
1565,1,48,5358,5359,5372,1,14
1566,1,48,5365,5366,5378,1,13
1560,3,48,5335,5338,5381,3,46
1569,1,48,5372,5373,5385,1,13
1563,2,48,5350,5353,5388,3,38
1564,3,48,5350,5354,5392,4,42
1570,1,48,5380,5382,5395,2,15
1567,2,48,5365,5367,5398,2,33
1573,1,48,5388,5389,5402,1,14
1574,1,48,5395,5396,5408,1,13
1568,3,48,5365,5368,5411,3,46
1577,1,48,5402,5403,5415,1,13
1571,2,48,5380,5383,5418,3,38
1572,3,48,5380,5384,5422,4,42
1578,1,48,5410,5412,5425,2,15
1575,2,48,5395,5397,5428,2,33
1581,1,48,5418,5419,5432,1,14
1582,1,48,5425,5426,5438,1,13
1576,3,48,5395,5398,5441,3,46
1585,1,48,5432,5433,5445,1,13
1579,2,48,5410,5413,5448,3,38
1580,3,48,5410,5414,5452,4,42
1586,1,48,5440,5442,5455,2,15
1583,2,48,5425,5427,5458,2,33
1589,1,48,5448,5449,5462,1,14
1590,1,48,5455,5456,5468,1,13
1584,3,48,5425,5428,5471,3,46
1593,1,48,5462,5463,5475,1,13
1587,2,48,5440,5443,5478,3,38
1588,3,48,5440,5444,5482,4,42
1594,1,48,5470,5472,5485,2,15
1591,2,48,5455,5457,5488,2,33
1597,1,48,5478,5479,5492,1,14
1598,1,48,5485,5486,5498,1,13
1592,3,48,5455,5458,5501,3,46
1601,1,48,5492,5493,5505,1,13
1595,2,48,5470,5473,5508,3,38
1596,3,48,5470,5474,5512,4,42
1602,1,48,5500,5502,5515,2,15
1599,2,48,5485,5487,5518,2,33
1605,1,48,5508,5509,5522,1,14
1606,1,48,5515,5516,5528,1,13
1600,3,48,5485,5488,5531,3,46
1609,1,48,5522,5523,5535,1,13
1603,2,48,5500,5503,5538,3,38
1604,3,48,5500,5504,5542,4,42
1610,1,48,5530,5532,5545,2,15
1607,2,48,5515,5517,5548,2,33
1613,1,48,5538,5539,5552,1,14
1614,1,48,5545,5546,5558,1,13
1608,3,48,5515,5518,5561,3,46
1617,1,48,5552,5553,5565,1,13
1611,2,48,5530,5533,5568,3,38
1612,3,48,5530,5534,5572,4,42
1618,1,48,5560,5562,5575,2,15
1615,2,48,5545,5547,5578,2,33
1621,1,48,5568,5569,5582,1,14
1622,1,48,5575,5576,5588,1,13
1616,3,48,5545,5548,5591,3,46
1625,1,48,5582,5583,5595,1,13
1619,2,48,5560,5563,5598,3,38
1620,3,48,5560,5564,5602,4,42
1626,1,48,5590,5592,5605,2,15
1623,2,48,5575,5577,5608,2,33
1629,1,48,5598,5599,5612,1,14
1630,1,48,5605,5606,5618,1,13
1624,3,48,5575,5578,5621,3,46
1633,1,48,5612,5613,5625,1,13
1627,2,48,5590,5593,5628,3,38
1628,3,48,5590,5594,5632,4,42
1634,1,48,5620,5622,5635,2,15
1631,2,48,5605,5607,5638,2,33
1637,1,48,5628,5629,5642,1,14
1638,1,48,5635,5636,5648,1,13
1632,3,48,5605,5608,5651,3,46
1641,1,48,5642,5643,5655,1,13
1635,2,48,5620,5623,5658,3,38
1636,3,48,5620,5624,5662,4,42
1642,1,48,5650,5652,5665,2,15
1639,2,48,5635,5637,5668,2,33
1645,1,48,5658,5659,5672,1,14
1646,1,48,5665,5666,5678,1,13
1640,3,48,5635,5638,5681,3,46
1649,1,48,5672,5673,5685,1,13
1643,2,48,5650,5653,5688,3,38
1644,3,48,5650,5654,5692,4,42
1650,1,48,5680,5682,5695,2,15
1647,2,48,5665,5667,5698,2,33
1653,1,48,5688,5689,5702,1,14
1654,1,48,5695,5696,5708,1,13
1648,3,48,5665,5668,5711,3,46
1657,1,48,5702,5703,5715,1,13
1651,2,48,5680,5683,5718,3,38
1652,3,48,5680,5684,5722,4,42
1658,1,48,5710,5712,5725,2,15
1655,2,48,5695,5697,5728,2,33
1661,1,48,5718,5719,5732,1,14
1662,1,48,5725,5726,5738,1,13
1656,3,48,5695,5698,5741,3,46
1665,1,48,5732,5733,5745,1,13
1659,2,48,5710,5713,5748,3,38
1660,3,48,5710,5714,5752,4,42
1666,1,48,5740,5742,5755,2,15
1663,2,48,5725,5727,5758,2,33
1669,1,48,5748,5749,5762,1,14
1670,1,48,5755,5756,5768,1,13
1664,3,48,5725,5728,5771,3,46
1673,1,48,5762,5763,5775,1,13
1667,2,48,5740,5743,5778,3,38
1668,3,48,5740,5744,5782,4,42
1674,1,48,5770,5772,5785,2,15
1671,2,48,5755,5757,5788,2,33
1677,1,48,5778,5779,5792,1,14
1678,1,48,5785,5786,5798,1,13
1672,3,48,5755,5758,5801,3,46
1681,1,48,5792,5793,5805,1,13
1675,2,48,5770,5773,5808,3,38
1676,3,48,5770,5774,5812,4,42
1682,1,48,5800,5802,5815,2,15
1679,2,48,5785,5787,5818,2,33
1685,1,48,5808,5809,5822,1,14
1686,1,48,5815,5816,5828,1,13
1680,3,48,5785,5788,5831,3,46
1689,1,48,5822,5823,5835,1,13
1683,2,48,5800,5803,5838,3,38
1684,3,48,5800,5804,5842,4,42
1690,1,48,5830,5832,5845,2,15
1687,2,48,5815,5817,5848,2,33
1693,1,48,5838,5839,5852,1,14
1694,1,48,5845,5846,5858,1,13
1688,3,48,5815,5818,5861,3,46
1697,1,48,5852,5853,5865,1,13
1691,2,48,5830,5833,5868,3,38
1692,3,48,5830,5834,5872,4,42
1698,1,48,5860,5862,5875,2,15
1695,2,48,5845,5847,5878,2,33
1701,1,48,5868,5869,5882,1,14
1702,1,48,5875,5876,5888,1,13
1696,3,48,5845,5848,5891,3,46
1705,1,48,5882,5883,5895,1,13
1699,2,48,5860,5863,5898,3,38
1700,3,48,5860,5864,5902,4,42
1706,1,48,5890,5892,5905,2,15
1703,2,48,5875,5877,5908,2,33
1709,1,48,5898,5899,5912,1,14
1710,1,48,5905,5906,5918,1,13
1704,3,48,5875,5878,5921,3,46
1713,1,48,5912,5913,5925,1,13
1707,2,48,5890,5893,5928,3,38
1708,3,48,5890,5894,5932,4,42
1714,1,48,5920,5922,5935,2,15
1711,2,48,5905,5907,5938,2,33
1717,1,48,5928,5929,5942,1,14
1718,1,48,5935,5936,5948,1,13
1712,3,48,5905,5908,5951,3,46
1721,1,48,5942,5943,5955,1,13
1715,2,48,5920,5923,5958,3,38
1716,3,48,5920,5924,5962,4,42
1722,1,48,5950,5952,5965,2,15
1719,2,48,5935,5937,5968,2,33
1725,1,48,5958,5959,5972,1,14
1726,1,48,5965,5966,5978,1,13
1720,3,48,5935,5938,5981,3,46
1729,1,48,5972,5973,5985,1,13
1723,2,48,5950,5953,5988,3,38
1724,3,48,5950,5954,5992,4,42
1730,1,48,5980,5982,5995,2,15
1727,2,48,5965,5967,5998,2,33
1733,1,48,5988,5989,6002,1,14
1734,1,48,5995,5996,6008,1,13
1728,3,48,5965,5968,6011,3,46
1737,1,48,6002,6003,6015,1,13
1731,2,48,5980,5983,6018,3,38
1732,3,48,5980,5984,6022,4,42
1738,1,48,6010,6012,6025,2,15
1735,2,48,5995,5997,6028,2,33
1741,1,48,6018,6019,6032,1,14
1742,1,48,6025,6026,6038,1,13
1736,3,48,5995,5998,6041,3,46
1745,1,48,6032,6033,6045,1,13
1739,2,48,6010,6013,6048,3,38
1740,3,48,6010,6014,6052,4,42
1746,1,48,6040,6042,6055,2,15
1743,2,48,6025,6027,6058,2,33
1749,1,48,6048,6049,6062,1,14
1750,1,48,6055,6056,6068,1,13
1744,3,48,6025,6028,6071,3,46
1753,1,48,6062,6063,6075,1,13
1747,2,48,6040,6043,6078,3,38
1748,3,48,6040,6044,6082,4,42
1754,1,48,6070,6072,6085,2,15
1751,2,48,6055,6057,6088,2,33
1757,1,48,6078,6079,6092,1,14
1758,1,48,6085,6086,6098,1,13
1752,3,48,6055,6058,6101,3,46
1761,1,48,6092,6093,6105,1,13
1755,2,48,6070,6073,6108,3,38
1756,3,48,6070,6074,6112,4,42
1762,1,48,6100,6102,6115,2,15
1759,2,48,6085,6087,6118,2,33
1765,1,48,6108,6109,6122,1,14
1766,1,48,6115,6116,6128,1,13
1760,3,48,6085,6088,6131,3,46
1769,1,48,6122,6123,6135,1,13
1763,2,48,6100,6103,6138,3,38
1764,3,48,6100,6104,6142,4,42
1770,1,48,6130,6132,6145,2,15
1767,2,48,6115,6117,6148,2,33
1773,1,48,6138,6139,6152,1,14
1774,1,48,6145,6146,6158,1,13
1768,3,48,6115,6118,6161,3,46
1777,1,48,6152,6153,6165,1,13
1771,2,48,6130,6133,6168,3,38
1772,3,48,6130,6134,6172,4,42
1778,1,48,6160,6162,6175,2,15
1775,2,48,6145,6147,6178,2,33
1781,1,48,6168,6169,6182,1,14
1782,1,48,6175,6176,6188,1,13
1776,3,48,6145,6148,6191,3,46
1785,1,48,6182,6183,6195,1,13
1779,2,48,6160,6163,6198,3,38
1780,3,48,6160,6164,6202,4,42
1786,1,48,6190,6192,6205,2,15
1783,2,48,6175,6177,6208,2,33
1789,1,48,6198,6199,6212,1,14
1790,1,48,6205,6206,6218,1,13
1784,3,48,6175,6178,6221,3,46
1793,1,48,6212,6213,6225,1,13
1787,2,48,6190,6193,6228,3,38
1788,3,48,6190,6194,6232,4,42
1794,1,48,6220,6222,6235,2,15
1791,2,48,6205,6207,6238,2,33
1797,1,48,6228,6229,6242,1,14
1798,1,48,6235,6236,6248,1,13
1792,3,48,6205,6208,6251,3,46
1801,1,48,6242,6243,6255,1,13
1795,2,48,6220,6223,6258,3,38
1796,3,48,6220,6224,6262,4,42
1802,1,48,6250,6252,6265,2,15
1799,2,48,6235,6237,6268,2,33
1805,1,48,6258,6259,6272,1,14
1806,1,48,6265,6266,6278,1,13
1800,3,48,6235,6238,6281,3,46
1809,1,48,6272,6273,6285,1,13
1803,2,48,6250,6253,6288,3,38
1804,3,48,6250,6254,6292,4,42
1810,1,48,6280,6282,6295,2,15
1807,2,48,6265,6267,6298,2,33
1813,1,48,6288,6289,6302,1,14
1814,1,48,6295,6296,6308,1,13
1808,3,48,6265,6268,6311,3,46
1817,1,48,6302,6303,6315,1,13
1811,2,48,6280,6283,6318,3,38
1812,3,48,6280,6284,6322,4,42
1818,1,48,6310,6312,6325,2,15
1815,2,48,6295,6297,6328,2,33
1821,1,48,6318,6319,6332,1,14
1822,1,48,6325,6326,6338,1,13
1816,3,48,6295,6298,6341,3,46
1825,1,48,6332,6333,6345,1,13
1819,2,48,6310,6313,6348,3,38
1820,3,48,6310,6314,6352,4,42
1826,1,48,6340,6342,6355,2,15
1823,2,48,6325,6327,6358,2,33
1829,1,48,6348,6349,6362,1,14
1830,1,48,6355,6356,6368,1,13
1824,3,48,6325,6328,6371,3,46
1833,1,48,6362,6363,6375,1,13
1827,2,48,6340,6343,6378,3,38
1828,3,48,6340,6344,6382,4,42
1834,1,48,6370,6372,6385,2,15
1831,2,48,6355,6357,6388,2,33
1837,1,48,6378,6379,6392,1,14
1838,1,48,6385,6386,6398,1,13
1832,3,48,6355,6358,6401,3,46
1841,1,48,6392,6393,6405,1,13
1835,2,48,6370,6373,6408,3,38
1836,3,48,6370,6374,6412,4,42
1842,1,48,6400,6402,6415,2,15
1839,2,48,6385,6387,6418,2,33
1845,1,48,6408,6409,6422,1,14
1846,1,48,6415,6416,6428,1,13
1840,3,48,6385,6388,6431,3,46
1849,1,48,6422,6423,6435,1,13
1843,2,48,6400,6403,6438,3,38
1844,3,48,6400,6404,6442,4,42
1850,1,48,6430,6432,6445,2,15
1847,2,48,6415,6417,6448,2,33
1853,1,48,6438,6439,6452,1,14
1854,1,48,6445,6446,6458,1,13
1848,3,48,6415,6418,6461,3,46
1857,1,48,6452,6453,6465,1,13
1851,2,48,6430,6433,6468,3,38
1852,3,48,6430,6434,6472,4,42
1858,1,48,6460,6462,6475,2,15
1855,2,48,6445,6447,6478,2,33
1861,1,48,6468,6469,6482,1,14
1862,1,48,6475,6476,6488,1,13
1856,3,48,6445,6448,6491,3,46
1865,1,48,6482,6483,6495,1,13
1859,2,48,6460,6463,6498,3,38
1860,3,48,6460,6464,6502,4,42
1866,1,48,6490,6492,6505,2,15
1863,2,48,6475,6477,6508,2,33
1869,1,48,6498,6499,6512,1,14
1870,1,48,6505,6506,6518,1,13
1864,3,48,6475,6478,6521,3,46
1873,1,48,6512,6513,6525,1,13
1867,2,48,6490,6493,6528,3,38
1868,3,48,6490,6494,6532,4,42
1874,1,48,6520,6522,6535,2,15
1871,2,48,6505,6507,6538,2,33
1877,1,48,6528,6529,6542,1,14
1878,1,48,6535,6536,6548,1,13
1872,3,48,6505,6508,6551,3,46
1881,1,48,6542,6543,6555,1,13
1875,2,48,6520,6523,6558,3,38
1876,3,48,6520,6524,6562,4,42
1882,1,48,6550,6552,6565,2,15
1879,2,48,6535,6537,6568,2,33
1885,1,48,6558,6559,6572,1,14
1886,1,48,6565,6566,6578,1,13
1880,3,48,6535,6538,6581,3,46
1889,1,48,6572,6573,6585,1,13
1883,2,48,6550,6553,6588,3,38
1884,3,48,6550,6554,6592,4,42
1890,1,48,6580,6582,6595,2,15
1887,2,48,6565,6567,6598,2,33
1893,1,48,6588,6589,6602,1,14
1894,1,48,6595,6596,6608,1,13
1888,3,48,6565,6568,6611,3,46
1897,1,48,6602,6603,6615,1,13
1891,2,48,6580,6583,6618,3,38
1892,3,48,6580,6584,6622,4,42
1898,1,48,6610,6612,6625,2,15
1895,2,48,6595,6597,6628,2,33
1901,1,48,6618,6619,6632,1,14
1902,1,48,6625,6626,6638,1,13
1896,3,48,6595,6598,6641,3,46
1905,1,48,6632,6633,6645,1,13
1899,2,48,6610,6613,6648,3,38
1900,3,48,6610,6614,6652,4,42
1906,1,48,6640,6642,6655,2,15
1903,2,48,6625,6627,6658,2,33
1909,1,48,6648,6649,6662,1,14
1910,1,48,6655,6656,6668,1,13
1904,3,48,6625,6628,6671,3,46
1913,1,48,6662,6663,6675,1,13
1907,2,48,6640,6643,6678,3,38
1908,3,48,6640,6644,6682,4,42
1914,1,48,6670,6672,6685,2,15
1911,2,48,6655,6657,6688,2,33
1917,1,48,6678,6679,6692,1,14
1918,1,48,6685,6686,6698,1,13
1912,3,48,6655,6658,6701,3,46
1921,1,48,6692,6693,6705,1,13
1915,2,48,6670,6673,6708,3,38
1916,3,48,6670,6674,6712,4,42
1922,1,48,6700,6702,6715,2,15
1919,2,48,6685,6687,6718,2,33
1925,1,48,6708,6709,6722,1,14
1926,1,48,6715,6716,6728,1,13
1920,3,48,6685,6688,6731,3,46
1929,1,48,6722,6723,6735,1,13
1923,2,48,6700,6703,6738,3,38
1924,3,48,6700,6704,6742,4,42
1930,1,48,6730,6732,6745,2,15
1927,2,48,6715,6717,6748,2,33
1933,1,48,6738,6739,6752,1,14
1934,1,48,6745,6746,6758,1,13
1928,3,48,6715,6718,6761,3,46
1937,1,48,6752,6753,6765,1,13
1931,2,48,6730,6733,6768,3,38
1932,3,48,6730,6734,6772,4,42
1938,1,48,6760,6762,6775,2,15
1935,2,48,6745,6747,6778,2,33
1941,1,48,6768,6769,6782,1,14
1942,1,48,6775,6776,6788,1,13
1936,3,48,6745,6748,6791,3,46
1945,1,48,6782,6783,6795,1,13
1939,2,48,6760,6763,6798,3,38
1940,3,48,6760,6764,6802,4,42
1946,1,48,6790,6792,6805,2,15
1943,2,48,6775,6777,6808,2,33
1949,1,48,6798,6799,6812,1,14
1950,1,48,6805,6806,6818,1,13
1944,3,48,6775,6778,6821,3,46
1953,1,48,6812,6813,6825,1,13
1947,2,48,6790,6793,6828,3,38
1948,3,48,6790,6794,6832,4,42
1954,1,48,6820,6822,6835,2,15
1951,2,48,6805,6807,6838,2,33
1957,1,48,6828,6829,6842,1,14
1958,1,48,6835,6836,6848,1,13
1952,3,48,6805,6808,6851,3,46
1961,1,48,6842,6843,6855,1,13
1955,2,48,6820,6823,6858,3,38
1956,3,48,6820,6824,6862,4,42
1962,1,48,6850,6852,6865,2,15
1959,2,48,6835,6837,6868,2,33
1965,1,48,6858,6859,6872,1,14
1966,1,48,6865,6866,6878,1,13
1960,3,48,6835,6838,6881,3,46
1969,1,48,6872,6873,6885,1,13
1963,2,48,6850,6853,6888,3,38
1964,3,48,6850,6854,6892,4,42
1970,1,48,6880,6882,6895,2,15
1967,2,48,6865,6867,6898,2,33
1973,1,48,6888,6889,6902,1,14
1974,1,48,6895,6896,6908,1,13
1968,3,48,6865,6868,6911,3,46
1977,1,48,6902,6903,6915,1,13
1971,2,48,6880,6883,6918,3,38
1972,3,48,6880,6884,6922,4,42
1978,1,48,6910,6912,6925,2,15
1975,2,48,6895,6897,6928,2,33
1981,1,48,6918,6919,6932,1,14
1982,1,48,6925,6926,6938,1,13
1976,3,48,6895,6898,6941,3,46
1985,1,48,6932,6933,6945,1,13
1979,2,48,6910,6913,6948,3,38
1980,3,48,6910,6914,6952,4,42
1986,1,48,6940,6942,6955,2,15
1983,2,48,6925,6927,6958,2,33
1989,1,48,6948,6949,6962,1,14
1990,1,48,6955,6956,6968,1,13
1984,3,48,6925,6928,6971,3,46
1993,1,48,6962,6963,6975,1,13
1987,2,48,6940,6943,6978,3,38
1988,3,48,6940,6944,6982,4,42
1994,1,48,6970,6972,6985,2,15
1991,2,48,6955,6957,6988,2,33
1997,1,48,6978,6979,6992,1,14
1998,1,48,6985,6986,6998,1,13
1992,3,48,6955,6958,7001,3,46
2001,1,48,6992,6993,7005,1,13
1995,2,48,6970,6973,7008,3,38
1996,3,48,6970,6974,7012,4,42
2002,1,48,7000,7002,7015,2,15
1999,2,48,6985,6987,7018,2,33
2005,1,48,7008,7009,7022,1,14
2006,1,48,7015,7016,7028,1,13
2000,3,48,6985,6988,7031,3,46
2009,1,48,7022,7023,7035,1,13
2003,2,48,7000,7003,7038,3,38
2004,3,48,7000,7004,7042,4,42
2010,1,48,7030,7032,7045,2,15
2007,2,48,7015,7017,7048,2,33
2013,1,48,7038,7039,7052,1,14
2014,1,48,7045,7046,7058,1,13
2008,3,48,7015,7018,7061,3,46
2017,1,48,7052,7053,7065,1,13
2011,2,48,7030,7033,7068,3,38
2012,3,48,7030,7034,7072,4,42
2018,1,48,7060,7062,7075,2,15
2015,2,48,7045,7047,7078,2,33
2021,1,48,7068,7069,7082,1,14
2022,1,48,7075,7076,7088,1,13
2016,3,48,7045,7048,7091,3,46
2025,1,48,7082,7083,7095,1,13
2019,2,48,7060,7063,7098,3,38
2020,3,48,7060,7064,7102,4,42
2026,1,48,7090,7092,7105,2,15
2023,2,48,7075,7077,7108,2,33
2029,1,48,7098,7099,7112,1,14
2030,1,48,7105,7106,7118,1,13
2024,3,48,7075,7078,7121,3,46
2033,1,48,7112,7113,7125,1,13
2027,2,48,7090,7093,7128,3,38
2028,3,48,7090,7094,7132,4,42
2034,1,48,7120,7122,7135,2,15
2031,2,48,7105,7107,7138,2,33
2037,1,48,7128,7129,7142,1,14
2038,1,48,7135,7136,7148,1,13
2032,3,48,7105,7108,7151,3,46
2041,1,48,7142,7143,7155,1,13
2035,2,48,7120,7123,7158,3,38
2036,3,48,7120,7124,7162,4,42
2042,1,48,7150,7152,7165,2,15
2039,2,48,7135,7137,7168,2,33
2045,1,48,7158,7159,7172,1,14
2046,1,48,7165,7166,7178,1,13
2040,3,48,7135,7138,7181,3,46
2049,1,48,7172,7173,7185,1,13
2043,2,48,7150,7153,7188,3,38
2044,3,48,7150,7154,7192,4,42
2050,1,48,7180,7182,7195,2,15
2047,2,48,7165,7167,7198,2,33
2053,1,48,7188,7189,7202,1,14
2054,1,48,7195,7196,7208,1,13
2048,3,48,7165,7168,7211,3,46
2057,1,48,7202,7203,7215,1,13
2051,2,48,7180,7183,7218,3,38
2052,3,48,7180,7184,7222,4,42
2058,1,48,7210,7212,7225,2,15
2055,2,48,7195,7197,7228,2,33
2061,1,48,7218,7219,7232,1,14
2062,1,48,7225,7226,7238,1,13
2056,3,48,7195,7198,7241,3,46
2065,1,48,7232,7233,7245,1,13
2059,2,48,7210,7213,7248,3,38
2060,3,48,7210,7214,7252,4,42
2066,1,48,7240,7242,7255,2,15
2063,2,48,7225,7227,7258,2,33
2069,1,48,7248,7249,7262,1,14
2070,1,48,7255,7256,7268,1,13
2064,3,48,7225,7228,7271,3,46
2073,1,48,7262,7263,7275,1,13
2067,2,48,7240,7243,7278,3,38
2068,3,48,7240,7244,7282,4,42
2074,1,48,7270,7272,7285,2,15
2071,2,48,7255,7257,7288,2,33
2077,1,48,7278,7279,7292,1,14
2078,1,48,7285,7286,7298,1,13
2072,3,48,7255,7258,7301,3,46
2081,1,48,7292,7293,7305,1,13
2075,2,48,7270,7273,7308,3,38
2076,3,48,7270,7274,7312,4,42
2082,1,48,7300,7302,7315,2,15
2079,2,48,7285,7287,7318,2,33
2085,1,48,7308,7309,7322,1,14
2086,1,48,7315,7316,7328,1,13
2080,3,48,7285,7288,7331,3,46
2089,1,48,7322,7323,7335,1,13
2083,2,48,7300,7303,7338,3,38
2084,3,48,7300,7304,7342,4,42
2090,1,48,7330,7332,7345,2,15
2087,2,48,7315,7317,7348,2,33
2093,1,48,7338,7339,7352,1,14
2094,1,48,7345,7346,7358,1,13
2088,3,48,7315,7318,7361,3,46
2097,1,48,7352,7353,7365,1,13
2091,2,48,7330,7333,7368,3,38
2092,3,48,7330,7334,7372,4,42
2098,1,48,7360,7362,7375,2,15
2095,2,48,7345,7347,7378,2,33
2101,1,48,7368,7369,7382,1,14
2102,1,48,7375,7376,7388,1,13
2096,3,48,7345,7348,7391,3,46
2105,1,48,7382,7383,7395,1,13
2099,2,48,7360,7363,7398,3,38
2100,3,48,7360,7364,7402,4,42
2106,1,48,7390,7392,7405,2,15
2103,2,48,7375,7377,7408,2,33
2109,1,48,7398,7399,7412,1,14
2110,1,48,7405,7406,7418,1,13
2104,3,48,7375,7378,7421,3,46
2113,1,48,7412,7413,7425,1,13
2107,2,48,7390,7393,7428,3,38
2108,3,48,7390,7394,7432,4,42
2114,1,48,7420,7422,7435,2,15
2111,2,48,7405,7407,7438,2,33
2117,1,48,7428,7429,7442,1,14
2118,1,48,7435,7436,7448,1,13
2112,3,48,7405,7408,7451,3,46
2121,1,48,7442,7443,7455,1,13
2115,2,48,7420,7423,7458,3,38
2116,3,48,7420,7424,7462,4,42
2122,1,48,7450,7452,7465,2,15
2119,2,48,7435,7437,7468,2,33
2125,1,48,7458,7459,7472,1,14
2126,1,48,7465,7466,7478,1,13
2120,3,48,7435,7438,7481,3,46
2129,1,48,7472,7473,7485,1,13
2123,2,48,7450,7453,7488,3,38
2124,3,48,7450,7454,7492,4,42
2130,1,48,7480,7482,7495,2,15
2127,2,48,7465,7467,7498,2,33
2133,1,48,7488,7489,7502,1,14
2134,1,48,7495,7496,7508,1,13
2128,3,48,7465,7468,7511,3,46
2137,1,48,7502,7503,7515,1,13
2131,2,48,7480,7483,7518,3,38
2132,3,48,7480,7484,7522,4,42
2138,1,48,7510,7512,7525,2,15
2135,2,48,7495,7497,7528,2,33
2141,1,48,7518,7519,7532,1,14
2142,1,48,7525,7526,7538,1,13
2136,3,48,7495,7498,7541,3,46
2145,1,48,7532,7533,7545,1,13
2139,2,48,7510,7513,7548,3,38
2140,3,48,7510,7514,7552,4,42
2146,1,48,7540,7542,7555,2,15
2143,2,48,7525,7527,7558,2,33
2149,1,48,7548,7549,7562,1,14
2150,1,48,7555,7556,7568,1,13
2144,3,48,7525,7528,7571,3,46
2153,1,48,7562,7563,7575,1,13
2147,2,48,7540,7543,7578,3,38
2148,3,48,7540,7544,7582,4,42
2154,1,48,7570,7572,7585,2,15
2151,2,48,7555,7557,7588,2,33
2157,1,48,7578,7579,7592,1,14
2158,1,48,7585,7586,7598,1,13
2152,3,48,7555,7558,7601,3,46
2161,1,48,7592,7593,7605,1,13
2155,2,48,7570,7573,7608,3,38
2156,3,48,7570,7574,7612,4,42
2162,1,48,7600,7602,7615,2,15
2159,2,48,7585,7587,7618,2,33
2165,1,48,7608,7609,7622,1,14
2166,1,48,7615,7616,7628,1,13
2160,3,48,7585,7588,7631,3,46
2169,1,48,7622,7623,7635,1,13
2163,2,48,7600,7603,7638,3,38
2164,3,48,7600,7604,7642,4,42
2170,1,48,7630,7632,7645,2,15
2167,2,48,7615,7617,7648,2,33
2173,1,48,7638,7639,7652,1,14
2174,1,48,7645,7646,7658,1,13
2168,3,48,7615,7618,7661,3,46
2177,1,48,7652,7653,7665,1,13
2171,2,48,7630,7633,7668,3,38
2172,3,48,7630,7634,7672,4,42
2178,1,48,7660,7662,7675,2,15
2175,2,48,7645,7647,7678,2,33
2181,1,48,7668,7669,7682,1,14
2182,1,48,7675,7676,7688,1,13
2176,3,48,7645,7648,7691,3,46
2185,1,48,7682,7683,7695,1,13
2179,2,48,7660,7663,7698,3,38
2180,3,48,7660,7664,7702,4,42
2186,1,48,7690,7692,7705,2,15
2183,2,48,7675,7677,7708,2,33
2189,1,48,7698,7699,7712,1,14
2190,1,48,7705,7706,7718,1,13
2184,3,48,7675,7678,7721,3,46
2193,1,48,7712,7713,7725,1,13
2187,2,48,7690,7693,7728,3,38
2188,3,48,7690,7694,7732,4,42
2194,1,48,7720,7722,7735,2,15
2191,2,48,7705,7707,7738,2,33
2197,1,48,7728,7729,7742,1,14
2198,1,48,7735,7736,7748,1,13
2192,3,48,7705,7708,7751,3,46
2201,1,48,7742,7743,7755,1,13
2195,2,48,7720,7723,7758,3,38
2196,3,48,7720,7724,7762,4,42
2202,1,48,7750,7752,7765,2,15
2199,2,48,7735,7737,7768,2,33
2205,1,48,7758,7759,7772,1,14
2206,1,48,7765,7766,7778,1,13
2200,3,48,7735,7738,7781,3,46
2209,1,48,7772,7773,7785,1,13
2203,2,48,7750,7753,7788,3,38
2204,3,48,7750,7754,7792,4,42
2210,1,48,7780,7782,7795,2,15
2207,2,48,7765,7767,7798,2,33
2213,1,48,7788,7789,7802,1,14
2214,1,48,7795,7796,7808,1,13
2208,3,48,7765,7768,7811,3,46
2217,1,48,7802,7803,7815,1,13
2211,2,48,7780,7783,7818,3,38
2212,3,48,7780,7784,7822,4,42
2218,1,48,7810,7812,7825,2,15
2215,2,48,7795,7797,7828,2,33
2221,1,48,7818,7819,7832,1,14
2222,1,48,7825,7826,7838,1,13
2216,3,48,7795,7798,7841,3,46
2225,1,48,7832,7833,7845,1,13
2219,2,48,7810,7813,7848,3,38
2220,3,48,7810,7814,7852,4,42
2226,1,48,7840,7842,7855,2,15
2223,2,48,7825,7827,7858,2,33
2229,1,48,7848,7849,7862,1,14
2230,1,48,7855,7856,7868,1,13
2224,3,48,7825,7828,7871,3,46
2233,1,48,7862,7863,7875,1,13
2227,2,48,7840,7843,7878,3,38
2228,3,48,7840,7844,7882,4,42
2234,1,48,7870,7872,7885,2,15
2231,2,48,7855,7857,7888,2,33
2237,1,48,7878,7879,7892,1,14
2238,1,48,7885,7886,7898,1,13
2232,3,48,7855,7858,7901,3,46
2241,1,48,7892,7893,7905,1,13
2235,2,48,7870,7873,7908,3,38
2236,3,48,7870,7874,7912,4,42
2242,1,48,7900,7902,7915,2,15
2239,2,48,7885,7887,7918,2,33
2245,1,48,7908,7909,7922,1,14
2246,1,48,7915,7916,7928,1,13
2240,3,48,7885,7888,7931,3,46
2249,1,48,7922,7923,7935,1,13
2243,2,48,7900,7903,7938,3,38
2244,3,48,7900,7904,7942,4,42
2250,1,48,7930,7932,7945,2,15
2247,2,48,7915,7917,7948,2,33
2253,1,48,7938,7939,7952,1,14
2254,1,48,7945,7946,7958,1,13
2248,3,48,7915,7918,7961,3,46
2257,1,48,7952,7953,7965,1,13
2251,2,48,7930,7933,7968,3,38
2252,3,48,7930,7934,7972,4,42
2258,1,48,7960,7962,7975,2,15
2255,2,48,7945,7947,7978,2,33
2261,1,48,7968,7969,7982,1,14
2262,1,48,7975,7976,7988,1,13
2256,3,48,7945,7948,7991,3,46
2265,1,48,7982,7983,7995,1,13
2259,2,48,7960,7963,7998,3,38
2260,3,48,7960,7964,8002,4,42
2266,1,48,7990,7992,8005,2,15
2263,2,48,7975,7977,8008,2,33
2269,1,48,7998,7999,8012,1,14
2270,1,48,8005,8006,8018,1,13
2264,3,48,7975,7978,8021,3,46
2273,1,48,8012,8013,8025,1,13
2267,2,48,7990,7993,8028,3,38
2268,3,48,7990,7994,8032,4,42
2274,1,48,8020,8022,8035,2,15
2271,2,48,8005,8007,8038,2,33
2277,1,48,8028,8029,8042,1,14
2278,1,48,8035,8036,8048,1,13
2272,3,48,8005,8008,8051,3,46
2281,1,48,8042,8043,8055,1,13
2275,2,48,8020,8023,8058,3,38
2276,3,48,8020,8024,8062,4,42
2282,1,48,8050,8052,8065,2,15
2279,2,48,8035,8037,8068,2,33
2285,1,48,8058,8059,8072,1,14
2286,1,48,8065,8066,8078,1,13
2280,3,48,8035,8038,8081,3,46
2289,1,48,8072,8073,8085,1,13
2283,2,48,8050,8053,8088,3,38
2284,3,48,8050,8054,8092,4,42
2290,1,48,8080,8082,8095,2,15
2287,2,48,8065,8067,8098,2,33
2293,1,48,8088,8089,8102,1,14
2294,1,48,8095,8096,8108,1,13
2288,3,48,8065,8068,8111,3,46
2297,1,48,8102,8103,8115,1,13
2291,2,48,8080,8083,8118,3,38
2292,3,48,8080,8084,8122,4,42
2298,1,48,8110,8112,8125,2,15
2295,2,48,8095,8097,8128,2,33
2301,1,48,8118,8119,8132,1,14
2302,1,48,8125,8126,8138,1,13
2296,3,48,8095,8098,8141,3,46
2305,1,48,8132,8133,8145,1,13
2299,2,48,8110,8113,8148,3,38
2300,3,48,8110,8114,8152,4,42
2306,1,48,8140,8142,8155,2,15
2303,2,48,8125,8127,8158,2,33
2309,1,48,8148,8149,8162,1,14
2310,1,48,8155,8156,8168,1,13
2304,3,48,8125,8128,8171,3,46
2313,1,48,8162,8163,8175,1,13
2307,2,48,8140,8143,8178,3,38
2308,3,48,8140,8144,8182,4,42
2314,1,48,8170,8172,8185,2,15
2311,2,48,8155,8157,8188,2,33
2317,1,48,8178,8179,8192,1,14
2318,1,48,8185,8186,8198,1,13
2312,3,48,8155,8158,8201,3,46
2321,1,48,8192,8193,8205,1,13
2315,2,48,8170,8173,8208,3,38
2316,3,48,8170,8174,8212,4,42
2322,1,48,8200,8202,8215,2,15
2319,2,48,8185,8187,8218,2,33
2325,1,48,8208,8209,8222,1,14
2326,1,48,8215,8216,8228,1,13
2320,3,48,8185,8188,8231,3,46
2329,1,48,8222,8223,8235,1,13
2323,2,48,8200,8203,8238,3,38
2324,3,48,8200,8204,8242,4,42
2330,1,48,8230,8232,8245,2,15
2327,2,48,8215,8217,8248,2,33
2333,1,48,8238,8239,8252,1,14
2334,1,48,8245,8246,8258,1,13
2328,3,48,8215,8218,8261,3,46
2337,1,48,8252,8253,8265,1,13
2331,2,48,8230,8233,8268,3,38
2332,3,48,8230,8234,8272,4,42
2338,1,48,8260,8262,8275,2,15
2335,2,48,8245,8247,8278,2,33
2341,1,48,8268,8269,8282,1,14
2342,1,48,8275,8276,8288,1,13
2336,3,48,8245,8248,8291,3,46
2345,1,48,8282,8283,8295,1,13
2339,2,48,8260,8263,8298,3,38
2340,3,48,8260,8264,8302,4,42
2346,1,48,8290,8292,8305,2,15
2343,2,48,8275,8277,8308,2,33
2349,1,48,8298,8299,8312,1,14
2350,1,48,8305,8306,8318,1,13
2344,3,48,8275,8278,8321,3,46
2353,1,48,8312,8313,8325,1,13
2347,2,48,8290,8293,8328,3,38
2348,3,48,8290,8294,8332,4,42
2354,1,48,8320,8322,8335,2,15
2351,2,48,8305,8307,8338,2,33
2357,1,48,8328,8329,8342,1,14
2358,1,48,8335,8336,8348,1,13
2352,3,48,8305,8308,8351,3,46
2361,1,48,8342,8343,8355,1,13
2355,2,48,8320,8323,8358,3,38
2356,3,48,8320,8324,8362,4,42
2362,1,48,8350,8352,8365,2,15
2359,2,48,8335,8337,8368,2,33
2365,1,48,8358,8359,8372,1,14
2366,1,48,8365,8366,8378,1,13
2360,3,48,8335,8338,8381,3,46
2369,1,48,8372,8373,8385,1,13
2363,2,48,8350,8353,8388,3,38
2364,3,48,8350,8354,8392,4,42
2370,1,48,8380,8382,8395,2,15
2367,2,48,8365,8367,8398,2,33
2373,1,48,8388,8389,8402,1,14
2374,1,48,8395,8396,8408,1,13
2368,3,48,8365,8368,8411,3,46
2377,1,48,8402,8403,8415,1,13
2371,2,48,8380,8383,8418,3,38
2372,3,48,8380,8384,8422,4,42
2378,1,48,8410,8412,8425,2,15
2375,2,48,8395,8397,8428,2,33
2381,1,48,8418,8419,8432,1,14
2382,1,48,8425,8426,8438,1,13
2376,3,48,8395,8398,8441,3,46
2385,1,48,8432,8433,8445,1,13
2379,2,48,8410,8413,8448,3,38
2380,3,48,8410,8414,8452,4,42
2386,1,48,8440,8442,8455,2,15
2383,2,48,8425,8427,8458,2,33
2389,1,48,8448,8449,8462,1,14
2390,1,48,8455,8456,8468,1,13
2384,3,48,8425,8428,8471,3,46
2393,1,48,8462,8463,8475,1,13
2387,2,48,8440,8443,8478,3,38
2388,3,48,8440,8444,8482,4,42
2394,1,48,8470,8472,8485,2,15
2391,2,48,8455,8457,8488,2,33
2397,1,48,8478,8479,8492,1,14
2398,1,48,8485,8486,8498,1,13
2392,3,48,8455,8458,8501,3,46
2401,1,48,8492,8493,8505,1,13
2395,2,48,8470,8473,8508,3,38
2396,3,48,8470,8474,8512,4,42
2402,1,48,8500,8502,8515,2,15
2399,2,48,8485,8487,8518,2,33
2405,1,48,8508,8509,8522,1,14
2406,1,48,8515,8516,8528,1,13
2400,3,48,8485,8488,8531,3,46
2409,1,48,8522,8523,8535,1,13
2403,2,48,8500,8503,8538,3,38
2404,3,48,8500,8504,8542,4,42
2410,1,48,8530,8532,8545,2,15
2407,2,48,8515,8517,8548,2,33
2413,1,48,8538,8539,8552,1,14
2414,1,48,8545,8546,8558,1,13
2408,3,48,8515,8518,8561,3,46
2417,1,48,8552,8553,8565,1,13
2411,2,48,8530,8533,8568,3,38
2412,3,48,8530,8534,8572,4,42
2418,1,48,8560,8562,8575,2,15
2415,2,48,8545,8547,8578,2,33
2421,1,48,8568,8569,8582,1,14
2422,1,48,8575,8576,8588,1,13
2416,3,48,8545,8548,8591,3,46
2425,1,48,8582,8583,8595,1,13
2419,2,48,8560,8563,8598,3,38
2420,3,48,8560,8564,8602,4,42
2426,1,48,8590,8592,8605,2,15
2423,2,48,8575,8577,8608,2,33
2429,1,48,8598,8599,8612,1,14
2430,1,48,8605,8606,8618,1,13
2424,3,48,8575,8578,8621,3,46
2433,1,48,8612,8613,8625,1,13
2427,2,48,8590,8593,8628,3,38
2428,3,48,8590,8594,8632,4,42
2434,1,48,8620,8622,8635,2,15
2431,2,48,8605,8607,8638,2,33
2437,1,48,8628,8629,8642,1,14
2438,1,48,8635,8636,8648,1,13
2432,3,48,8605,8608,8651,3,46
2441,1,48,8642,8643,8655,1,13
2435,2,48,8620,8623,8658,3,38
2436,3,48,8620,8624,8662,4,42
2442,1,48,8650,8652,8665,2,15
2439,2,48,8635,8637,8668,2,33
2445,1,48,8658,8659,8672,1,14
2446,1,48,8665,8666,8678,1,13
2440,3,48,8635,8638,8681,3,46
2449,1,48,8672,8673,8685,1,13
2443,2,48,8650,8653,8688,3,38
2444,3,48,8650,8654,8692,4,42
2450,1,48,8680,8682,8695,2,15
2447,2,48,8665,8667,8698,2,33
2453,1,48,8688,8689,8702,1,14
2454,1,48,8695,8696,8708,1,13
2448,3,48,8665,8668,8711,3,46
2457,1,48,8702,8703,8715,1,13
2451,2,48,8680,8683,8718,3,38
2452,3,48,8680,8684,8722,4,42
2458,1,48,8710,8712,8725,2,15
2455,2,48,8695,8697,8728,2,33
2461,1,48,8718,8719,8732,1,14
2462,1,48,8725,8726,8738,1,13
2456,3,48,8695,8698,8741,3,46
2465,1,48,8732,8733,8745,1,13
2459,2,48,8710,8713,8748,3,38
2460,3,48,8710,8714,8752,4,42
2466,1,48,8740,8742,8755,2,15
2463,2,48,8725,8727,8758,2,33
2469,1,48,8748,8749,8762,1,14
2470,1,48,8755,8756,8768,1,13
2464,3,48,8725,8728,8771,3,46
2473,1,48,8762,8763,8775,1,13
2467,2,48,8740,8743,8778,3,38
2468,3,48,8740,8744,8782,4,42
2474,1,48,8770,8772,8785,2,15
2471,2,48,8755,8757,8788,2,33
2477,1,48,8778,8779,8792,1,14
2478,1,48,8785,8786,8798,1,13
2472,3,48,8755,8758,8801,3,46
2481,1,48,8792,8793,8805,1,13
2475,2,48,8770,8773,8808,3,38
2476,3,48,8770,8774,8812,4,42
2482,1,48,8800,8802,8815,2,15
2479,2,48,8785,8787,8818,2,33
2485,1,48,8808,8809,8822,1,14
2486,1,48,8815,8816,8828,1,13
2480,3,48,8785,8788,8831,3,46
2489,1,48,8822,8823,8835,1,13
2483,2,48,8800,8803,8838,3,38
2484,3,48,8800,8804,8842,4,42
2490,1,48,8830,8832,8845,2,15
2487,2,48,8815,8817,8848,2,33
2493,1,48,8838,8839,8852,1,14
2494,1,48,8845,8846,8858,1,13
2488,3,48,8815,8818,8861,3,46
2497,1,48,8852,8853,8865,1,13
2491,2,48,8830,8833,8868,3,38
2492,3,48,8830,8834,8872,4,42
2498,1,48,8860,8862,8875,2,15
2495,2,48,8845,8847,8878,2,33
2501,1,48,8868,8869,8882,1,14
2502,1,48,8875,8876,8888,1,13
2496,3,48,8845,8848,8891,3,46
2505,1,48,8882,8883,8895,1,13
2499,2,48,8860,8863,8898,3,38
2500,3,48,8860,8864,8902,4,42
2506,1,48,8890,8892,8905,2,15
2503,2,48,8875,8877,8908,2,33
2509,1,48,8898,8899,8912,1,14
2510,1,48,8905,8906,8918,1,13
2504,3,48,8875,8878,8921,3,46
2513,1,48,8912,8913,8925,1,13
2507,2,48,8890,8893,8928,3,38
2508,3,48,8890,8894,8932,4,42
2514,1,48,8920,8922,8935,2,15
2511,2,48,8905,8907,8938,2,33
2517,1,48,8928,8929,8942,1,14
2518,1,48,8935,8936,8948,1,13
2512,3,48,8905,8908,8951,3,46
2521,1,48,8942,8943,8955,1,13
2515,2,48,8920,8923,8958,3,38
2516,3,48,8920,8924,8962,4,42
2522,1,48,8950,8952,8965,2,15
2519,2,48,8935,8937,8968,2,33
2525,1,48,8958,8959,8972,1,14
2526,1,48,8965,8966,8978,1,13
2520,3,48,8935,8938,8981,3,46
2529,1,48,8972,8973,8985,1,13
2523,2,48,8950,8953,8988,3,38
2524,3,48,8950,8954,8992,4,42
2530,1,48,8980,8982,8995,2,15
2527,2,48,8965,8967,8998,2,33
2533,1,48,8988,8989,9002,1,14
2534,1,48,8995,8996,9008,1,13
2528,3,48,8965,8968,9011,3,46
2531,2,48,8980,8983,9015,3,35
2532,3,48,8980,8984,9020,4,40
2535,2,48,8995,8997,9023,2,28
2536,3,48,8995,8998,9026,3,31
