platform,vflows,resource,unit,static_rio,replay_rio,pifo_one,pifo_count,pifo_total,static,replay,absolute_change,percent_change,percent_denominator,measurement_kind
quartus,32,logic_alms,ALMs,2209,3267,50064,5,250320,252529,253587,1058,0.4189617826071461,ordinary_RIO_plus_five_matching_PIFOs,sum_of_synthesized_components
quartus,32,logic_aluts,ALUTs,2497,4331,61965,5,309825,312322,314156,1834,0.5872144773663078,ordinary_RIO_plus_five_matching_PIFOs,sum_of_synthesized_components
quartus,32,registers,bits,1641,3190,21550,5,107750,109391,110940,1549,1.4160214277225731,ordinary_RIO_plus_five_matching_PIFOs,sum_of_synthesized_components
quartus,32,block_memory_bits,bits,666336,994816,0,5,0,666336,994816,328480,49.2964510397157,ordinary_RIO_plus_five_matching_PIFOs,sum_of_synthesized_components
quartus,32,mlab_memory_bits,bits,0,0,0,5,0,0,0,0,,ordinary_RIO_plus_five_matching_PIFOs,sum_of_synthesized_components
quartus,32,dsp_blocks,blocks,0,0,0,5,0,0,0,0,,ordinary_RIO_plus_five_matching_PIFOs,sum_of_synthesized_components
vivado,32,logic_luts,LUTs,3774,4178,96714,5,483570,487344,487748,404,0.08289832233494206,ordinary_RIO_plus_five_matching_PIFOs,sum_of_synthesized_components
vivado,32,registers,bits,2307,2396,21617,5,108085,110392,110481,89,0.08062178418725995,ordinary_RIO_plus_five_matching_PIFOs,sum_of_synthesized_components
vivado,32,bram36_tiles,tiles,31.0,41.0,0.0,5,0.0,31.0,41.0,10.0,32.25806451612903,ordinary_RIO_plus_five_matching_PIFOs,sum_of_synthesized_components
vivado,32,uram288_blocks,blocks,0,0,0,5,0,0,0,0,,ordinary_RIO_plus_five_matching_PIFOs,sum_of_synthesized_components
vivado,32,bram_uram_allocated_bits,bits,1142784,1511424,0,5,0,1142784,1511424,368640,32.25806451612903,ordinary_RIO_plus_five_matching_PIFOs,sum_of_synthesized_components
vivado,32,lutram_luts,LUTs,508,528,0,5,0,508,528,20,3.937007874015748,ordinary_RIO_plus_five_matching_PIFOs,sum_of_synthesized_components
vivado,32,dsp_blocks,blocks,0,0,0,5,0,0,0,0,,ordinary_RIO_plus_five_matching_PIFOs,sum_of_synthesized_components
quartus,64,logic_alms,ALMs,1618,4696,50341,5,251705,253323,256401,3078,1.2150495612321028,ordinary_RIO_plus_five_matching_PIFOs,sum_of_synthesized_components
quartus,64,logic_aluts,ALUTs,3545,7202,71335,5,356675,360220,363877,3657,1.0152129254344566,ordinary_RIO_plus_five_matching_PIFOs,sum_of_synthesized_components
quartus,64,registers,bits,2059,5378,23602,5,118010,120069,123388,3319,2.764243893094804,ordinary_RIO_plus_five_matching_PIFOs,sum_of_synthesized_components
quartus,64,block_memory_bits,bits,2801072,4277552,0,5,0,2801072,4277552,1476480,52.71124769374011,ordinary_RIO_plus_five_matching_PIFOs,sum_of_synthesized_components
quartus,64,mlab_memory_bits,bits,0,0,0,5,0,0,0,0,,ordinary_RIO_plus_five_matching_PIFOs,sum_of_synthesized_components
quartus,64,dsp_blocks,blocks,0,0,0,5,0,0,0,0,,ordinary_RIO_plus_five_matching_PIFOs,sum_of_synthesized_components
vivado,64,logic_luts,LUTs,5074,6880,103261,5,516305,521379,523185,1806,0.3463890950728741,ordinary_RIO_plus_five_matching_PIFOs,sum_of_synthesized_components
vivado,64,registers,bits,3443,4513,23656,5,118280,121723,122793,1070,0.8790450448970203,ordinary_RIO_plus_five_matching_PIFOs,sum_of_synthesized_components
vivado,64,bram36_tiles,tiles,121.0,161.0,0.0,5,0.0,121.0,161.0,40.0,33.05785123966942,ordinary_RIO_plus_five_matching_PIFOs,sum_of_synthesized_components
vivado,64,uram288_blocks,blocks,0,0,0,5,0,0,0,0,,ordinary_RIO_plus_five_matching_PIFOs,sum_of_synthesized_components
vivado,64,bram_uram_allocated_bits,bits,4460544,5935104,0,5,0,4460544,5935104,1474560,33.05785123966942,ordinary_RIO_plus_five_matching_PIFOs,sum_of_synthesized_components
vivado,64,lutram_luts,LUTs,588,628,0,5,0,588,628,40,6.802721088435374,ordinary_RIO_plus_five_matching_PIFOs,sum_of_synthesized_components
vivado,64,dsp_blocks,blocks,0,0,0,5,0,0,0,0,,ordinary_RIO_plus_five_matching_PIFOs,sum_of_synthesized_components
quartus,128,logic_alms,ALMs,5861,10855,53197,5,265985,271846,276840,4994,1.8370695173002363,ordinary_RIO_plus_five_matching_PIFOs,sum_of_synthesized_components
quartus,128,logic_aluts,ALUTs,6748,14583,74765,5,373825,380573,388408,7835,2.058737745452252,ordinary_RIO_plus_five_matching_PIFOs,sum_of_synthesized_components
quartus,128,registers,bits,2797,9972,25654,5,128270,131067,138242,7175,5.474299404121556,ordinary_RIO_plus_five_matching_PIFOs,sum_of_synthesized_components
quartus,128,block_memory_bits,bits,11821408,18379488,0,5,0,11821408,18379488,6558080,55.47630197688803,ordinary_RIO_plus_five_matching_PIFOs,sum_of_synthesized_components
quartus,128,mlab_memory_bits,bits,0,0,0,5,0,0,0,0,,ordinary_RIO_plus_five_matching_PIFOs,sum_of_synthesized_components
quartus,128,dsp_blocks,blocks,0,0,0,5,0,0,0,0,,ordinary_RIO_plus_five_matching_PIFOs,sum_of_synthesized_components
vivado,128,logic_luts,LUTs,9318,14375,108338,5,541690,551008,556065,5057,0.9177725187293106,ordinary_RIO_plus_five_matching_PIFOs,sum_of_synthesized_components
vivado,128,registers,bits,7049,9059,25712,5,128560,135609,137619,2010,1.482202508683052,ordinary_RIO_plus_five_matching_PIFOs,sum_of_synthesized_components
vivado,128,bram36_tiles,tiles,501.0,681.0,0.0,5,0.0,501.0,681.0,180.0,35.92814371257485,ordinary_RIO_plus_five_matching_PIFOs,sum_of_synthesized_components
vivado,128,uram288_blocks,blocks,0,0,0,5,0,0,0,0,,ordinary_RIO_plus_five_matching_PIFOs,sum_of_synthesized_components
vivado,128,bram_uram_allocated_bits,bits,18468864,25104384,0,5,0,18468864,25104384,6635520,35.92814371257485,ordinary_RIO_plus_five_matching_PIFOs,sum_of_synthesized_components
vivado,128,lutram_luts,LUTs,808,888,0,5,0,808,888,80,9.900990099009901,ordinary_RIO_plus_five_matching_PIFOs,sum_of_synthesized_components
vivado,128,dsp_blocks,blocks,0,0,0,5,0,0,0,0,,ordinary_RIO_plus_five_matching_PIFOs,sum_of_synthesized_components
quartus,256,logic_alms,ALMs,15260,33179,55548,5,277740,293000,310919,17919,6.115699658703072,ordinary_RIO_plus_five_matching_PIFOs,sum_of_synthesized_components
quartus,256,logic_aluts,ALUTs,17186,36322,86622,5,433110,450296,469432,19136,4.24964911969016,ordinary_RIO_plus_five_matching_PIFOs,sum_of_synthesized_components
quartus,256,registers,bits,4175,19680,27706,5,138530,142705,158210,15505,10.865071300935496,ordinary_RIO_plus_five_matching_PIFOs,sum_of_synthesized_components
quartus,256,block_memory_bits,bits,49850384,78696464,0,5,0,49850384,78696464,28846080,57.86531152899444,ordinary_RIO_plus_five_matching_PIFOs,sum_of_synthesized_components
quartus,256,mlab_memory_bits,bits,0,0,0,5,0,0,0,0,,ordinary_RIO_plus_five_matching_PIFOs,sum_of_synthesized_components
quartus,256,dsp_blocks,blocks,0,0,0,5,0,0,0,0,,ordinary_RIO_plus_five_matching_PIFOs,sum_of_synthesized_components
vivado,256,logic_luts,LUTs,30296,32326,116236,5,581180,611476,613506,2030,0.3319835937959953,ordinary_RIO_plus_five_matching_PIFOs,sum_of_synthesized_components
vivado,256,registers,bits,18700,18845,27749,5,138745,157445,157590,145,0.09209565245006193,ordinary_RIO_plus_five_matching_PIFOs,sum_of_synthesized_components
vivado,256,bram36_tiles,tiles,2083.5,2883.5,0.0,5,0.0,2083.5,2883.5,800.0,38.39692824574034,ordinary_RIO_plus_five_matching_PIFOs,sum_of_synthesized_components
vivado,256,uram288_blocks,blocks,0,0,0,5,0,0,0,0,,ordinary_RIO_plus_five_matching_PIFOs,sum_of_synthesized_components
vivado,256,bram_uram_allocated_bits,bits,76806144,106297344,0,5,0,76806144,106297344,29491200,38.39692824574034,ordinary_RIO_plus_five_matching_PIFOs,sum_of_synthesized_components
vivado,256,lutram_luts,LUTs,908,1108,0,5,0,908,1108,200,22.026431718061673,ordinary_RIO_plus_five_matching_PIFOs,sum_of_synthesized_components
vivado,256,dsp_blocks,blocks,0,0,0,5,0,0,0,0,,ordinary_RIO_plus_five_matching_PIFOs,sum_of_synthesized_components
quartus,512,logic_alms,ALMs,103640,142666,56515,5,282575,386215,425241,39026,10.104734409590513,ordinary_RIO_plus_five_matching_PIFOs,sum_of_synthesized_components
quartus,512,logic_aluts,ALUTs,92767,154986,94284,5,471420,564187,626406,62219,11.028081114949476,ordinary_RIO_plus_five_matching_PIFOs,sum_of_synthesized_components
quartus,512,registers,bits,86111,142631,29758,5,148790,234901,291421,56520,24.06120025031822,ordinary_RIO_plus_five_matching_PIFOs,sum_of_synthesized_components
quartus,512,block_memory_bits,bits,209715776,335544896,0,5,0,209715776,335544896,125829120,59.999835205530744,ordinary_RIO_plus_five_matching_PIFOs,sum_of_synthesized_components
quartus,512,mlab_memory_bits,bits,0,0,0,5,0,0,0,0,,ordinary_RIO_plus_five_matching_PIFOs,sum_of_synthesized_components
quartus,512,dsp_blocks,blocks,0,0,0,5,0,0,0,0,,ordinary_RIO_plus_five_matching_PIFOs,sum_of_synthesized_components
vivado,512,logic_luts,LUTs,74870,84864,120113,5,600565,675435,685429,9994,1.479639047428694,ordinary_RIO_plus_five_matching_PIFOs,sum_of_synthesized_components
vivado,512,registers,bits,39206,39381,29813,5,149065,188271,188446,175,0.09295111833474087,ordinary_RIO_plus_five_matching_PIFOs,sum_of_synthesized_components
vivado,512,bram36_tiles,tiles,8648.5,12171.0,0.0,5,0.0,8648.5,12171.0,3522.5,40.72960629010811,ordinary_RIO_plus_five_matching_PIFOs,sum_of_synthesized_components
vivado,512,uram288_blocks,blocks,0,0,0,5,0,0,0,0,,ordinary_RIO_plus_five_matching_PIFOs,sum_of_synthesized_components
vivado,512,bram_uram_allocated_bits,bits,318818304,448671744,0,5,0,318818304,448671744,129853440,40.72960629010811,ordinary_RIO_plus_five_matching_PIFOs,sum_of_synthesized_components
vivado,512,lutram_luts,LUTs,628,628,0,5,0,628,628,0,0.0,ordinary_RIO_plus_five_matching_PIFOs,sum_of_synthesized_components
vivado,512,dsp_blocks,blocks,0,0,0,5,0,0,0,0,,ordinary_RIO_plus_five_matching_PIFOs,sum_of_synthesized_components
quartus,1024,logic_alms,ALMs,301224,408590,58380,5,291900,593124,700490,107366,18.101779729027996,ordinary_RIO_plus_five_matching_PIFOs,sum_of_synthesized_components
quartus,1024,logic_aluts,ALUTs,276168,460451,98361,5,491805,767973,952256,184283,23.996025901952283,ordinary_RIO_plus_five_matching_PIFOs,sum_of_synthesized_components
quartus,1024,registers,bits,166345,289435,31810,5,159050,325395,448485,123090,37.827870741713916,ordinary_RIO_plus_five_matching_PIFOs,sum_of_synthesized_components
quartus,1024,block_memory_bits,bits,880804464,1426063984,0,5,0,880804464,1426063984,545259520,61.90471804874958,ordinary_RIO_plus_five_matching_PIFOs,sum_of_synthesized_components
quartus,1024,mlab_memory_bits,bits,0,0,0,5,0,0,0,0,,ordinary_RIO_plus_five_matching_PIFOs,sum_of_synthesized_components
quartus,1024,dsp_blocks,blocks,0,0,0,5,0,0,0,0,,ordinary_RIO_plus_five_matching_PIFOs,sum_of_synthesized_components
vivado,1024,logic_luts,LUTs,263973,292886,126266,5,631330,895303,924216,28913,3.229409484833626,ordinary_RIO_plus_five_matching_PIFOs,sum_of_synthesized_components
vivado,1024,registers,bits,83592,83987,31854,5,159270,242862,243257,395,0.16264380594741046,ordinary_RIO_plus_five_matching_PIFOs,sum_of_synthesized_components
vivado,1024,bram36_tiles,tiles,35851.0,51213.5,0.0,5,0.0,35851.0,51213.5,15362.5,42.85096650023709,ordinary_RIO_plus_five_matching_PIFOs,sum_of_synthesized_components
vivado,1024,uram288_blocks,blocks,0,0,0,5,0,0,0,0,,ordinary_RIO_plus_five_matching_PIFOs,sum_of_synthesized_components
vivado,1024,bram_uram_allocated_bits,bits,1321611264,1887934464,0,5,0,1321611264,1887934464,566323200,42.85096650023709,ordinary_RIO_plus_five_matching_PIFOs,sum_of_synthesized_components
vivado,1024,lutram_luts,LUTs,788,788,0,5,0,788,788,0,0.0,ordinary_RIO_plus_five_matching_PIFOs,sum_of_synthesized_components
vivado,1024,dsp_blocks,blocks,0,0,0,5,0,0,0,0,,ordinary_RIO_plus_five_matching_PIFOs,sum_of_synthesized_components
