cycle,request_id,global_flow_id,size_bytes
0,1,1,48
0,2,2,48
4,3,2,48
8,4,1,48
8,5,2,48
11,6,2,48
15,7,1,48
15,8,2,48
19,9,2,48
22,10,1,48
22,11,2,48
26,12,2,48
30,13,1,48
30,14,2,48
34,15,2,48
38,16,1,48
38,17,2,48
41,18,2,48
45,19,1,48
45,20,2,48
49,21,2,48
52,22,1,48
52,23,2,48
56,24,2,48
60,25,1,48
60,26,2,48
64,27,2,48
68,28,1,48
68,29,2,48
71,30,2,48
75,31,1,48
75,32,2,48
79,33,2,48
82,34,1,48
82,35,2,48
86,36,2,48
90,37,1,48
90,38,2,48
94,39,2,48
98,40,1,48
98,41,2,48
101,42,2,48
105,43,1,48
105,44,2,48
109,45,2,48
112,46,1,48
112,47,2,48
116,48,2,48
120,49,1,48
120,50,2,48
124,51,2,48
128,52,1,48
128,53,2,48
131,54,2,48
135,55,1,48
135,56,2,48
139,57,2,48
142,58,1,48
142,59,2,48
146,60,2,48
150,61,1,48
150,62,2,48
154,63,2,48
158,64,1,48
158,65,2,48
161,66,2,48
165,67,1,48
165,68,2,48
169,69,2,48
172,70,1,48
172,71,2,48
176,72,2,48
180,73,1,48
180,74,2,48
184,75,2,48
188,76,1,48
188,77,2,48
191,78,2,48
195,79,1,48
195,80,2,48
199,81,2,48
202,82,1,48
202,83,2,48
206,84,2,48
210,85,1,48
210,86,2,48
214,87,2,48
218,88,1,48
218,89,2,48
221,90,2,48
225,91,1,48
225,92,2,48
229,93,2,48
232,94,1,48
232,95,2,48
236,96,2,48
240,97,1,48
240,98,2,48
244,99,2,48
248,100,1,48
248,101,2,48
251,102,2,48
255,103,1,48
255,104,2,48
259,105,2,48
262,106,1,48
262,107,2,48
266,108,2,48
270,109,1,48
270,110,2,48
274,111,2,48
278,112,1,48
278,113,2,48
281,114,2,48
285,115,1,48
285,116,2,48
289,117,2,48
292,118,1,48
292,119,2,48
296,120,2,48
300,121,1,48
300,122,2,48
304,123,2,48
308,124,1,48
308,125,2,48
311,126,2,48
315,127,1,48
315,128,2,48
319,129,2,48
322,130,1,48
322,131,2,48
326,132,2,48
330,133,1,48
330,134,2,48
334,135,2,48
338,136,1,48
338,137,2,48
341,138,2,48
345,139,1,48
345,140,2,48
349,141,2,48
352,142,1,48
352,143,2,48
356,144,2,48
360,145,1,48
360,146,2,48
364,147,2,48
368,148,1,48
368,149,2,48
371,150,2,48
375,151,1,48
375,152,2,48
379,153,2,48
382,154,1,48
382,155,2,48
386,156,2,48
390,157,1,48
390,158,2,48
394,159,2,48
398,160,1,48
398,161,2,48
401,162,2,48
405,163,1,48
405,164,2,48
409,165,2,48
412,166,1,48
412,167,2,48
416,168,2,48
420,169,1,48
420,170,2,48
424,171,2,48
428,172,1,48
428,173,2,48
431,174,2,48
435,175,1,48
435,176,2,48
439,177,2,48
442,178,1,48
442,179,2,48
446,180,2,48
450,181,1,48
450,182,2,48
454,183,2,48
458,184,1,48
458,185,2,48
461,186,2,48
465,187,1,48
465,188,2,48
469,189,2,48
472,190,1,48
472,191,2,48
476,192,2,48
480,193,1,48
480,194,2,48
484,195,2,48
488,196,1,48
488,197,2,48
491,198,2,48
495,199,1,48
495,200,2,48
499,201,2,48
502,202,1,48
502,203,2,48
506,204,2,48
510,205,1,48
510,206,2,48
514,207,2,48
518,208,1,48
518,209,2,48
521,210,2,48
525,211,1,48
525,212,2,48
529,213,2,48
532,214,1,48
532,215,2,48
536,216,2,48
540,217,1,48
540,218,2,48
544,219,2,48
548,220,1,48
548,221,2,48
551,222,2,48
555,223,1,48
555,224,2,48
559,225,2,48
562,226,1,48
562,227,2,48
566,228,2,48
570,229,1,48
570,230,2,48
574,231,2,48
578,232,1,48
578,233,2,48
581,234,2,48
585,235,1,48
585,236,2,48
589,237,2,48
592,238,1,48
592,239,2,48
596,240,2,48
600,241,1,48
600,242,2,48
604,243,2,48
608,244,1,48
608,245,2,48
611,246,2,48
615,247,1,48
615,248,2,48
619,249,2,48
622,250,1,48
622,251,2,48
626,252,2,48
630,253,1,48
630,254,2,48
634,255,2,48
638,256,1,48
638,257,2,48
641,258,2,48
645,259,1,48
645,260,2,48
649,261,2,48
652,262,1,48
652,263,2,48
656,264,2,48
660,265,1,48
660,266,2,48
664,267,2,48
668,268,1,48
668,269,2,48
671,270,2,48
675,271,1,48
675,272,2,48
679,273,2,48
682,274,1,48
682,275,2,48
686,276,2,48
690,277,1,48
690,278,2,48
694,279,2,48
698,280,1,48
698,281,2,48
701,282,2,48
705,283,1,48
705,284,2,48
709,285,2,48
712,286,1,48
712,287,2,48
716,288,2,48
720,289,1,48
720,290,2,48
724,291,2,48
728,292,1,48
728,293,2,48
731,294,2,48
735,295,1,48
735,296,2,48
739,297,2,48
742,298,1,48
742,299,2,48
746,300,2,48
750,301,1,48
750,302,2,48
754,303,2,48
758,304,1,48
758,305,2,48
761,306,2,48
765,307,1,48
765,308,2,48
769,309,2,48
772,310,1,48
772,311,2,48
776,312,2,48
780,313,1,48
780,314,2,48
784,315,2,48
788,316,1,48
788,317,2,48
791,318,2,48
795,319,1,48
795,320,2,48
799,321,2,48
802,322,1,48
802,323,2,48
806,324,2,48
810,325,1,48
810,326,2,48
814,327,2,48
818,328,1,48
818,329,2,48
821,330,2,48
825,331,1,48
825,332,2,48
829,333,2,48
832,334,1,48
832,335,2,48
836,336,2,48
840,337,1,48
840,338,2,48
844,339,2,48
848,340,1,48
848,341,2,48
851,342,2,48
855,343,1,48
855,344,2,48
859,345,2,48
862,346,1,48
862,347,2,48
866,348,2,48
870,349,1,48
870,350,2,48
874,351,2,48
878,352,1,48
878,353,2,48
881,354,2,48
885,355,1,48
885,356,2,48
889,357,2,48
892,358,1,48
892,359,2,48
896,360,2,48
900,361,1,48
900,362,2,48
904,363,2,48
908,364,1,48
908,365,2,48
911,366,2,48
915,367,1,48
915,368,2,48
919,369,2,48
922,370,1,48
922,371,2,48
926,372,2,48
930,373,1,48
930,374,2,48
934,375,2,48
938,376,1,48
938,377,2,48
941,378,2,48
945,379,1,48
945,380,2,48
949,381,2,48
952,382,1,48
952,383,2,48
956,384,2,48
960,385,1,48
960,386,2,48
964,387,2,48
968,388,1,48
968,389,2,48
971,390,2,48
975,391,1,48
975,392,2,48
979,393,2,48
982,394,1,48
982,395,2,48
986,396,2,48
990,397,1,48
990,398,2,48
994,399,2,48
998,400,1,48
998,401,2,48
1001,402,2,48
1005,403,1,48
1005,404,2,48
1009,405,2,48
1012,406,1,48
1012,407,2,48
1016,408,2,48
1020,409,1,48
1020,410,2,48
1024,411,2,48
1028,412,1,48
1028,413,2,48
1031,414,2,48
1035,415,1,48
1035,416,2,48
1039,417,2,48
1042,418,1,48
1042,419,2,48
1046,420,2,48
1050,421,1,48
1050,422,2,48
1054,423,2,48
1058,424,1,48
1058,425,2,48
1061,426,2,48
1065,427,1,48
1065,428,2,48
1069,429,2,48
1072,430,1,48
1072,431,2,48
1076,432,2,48
1080,433,1,48
1080,434,2,48
1084,435,2,48
1088,436,1,48
1088,437,2,48
1091,438,2,48
1095,439,1,48
1095,440,2,48
1099,441,2,48
1102,442,1,48
1102,443,2,48
1106,444,2,48
1110,445,1,48
1110,446,2,48
1114,447,2,48
1118,448,1,48
1118,449,2,48
1121,450,2,48
1125,451,1,48
1125,452,2,48
1129,453,2,48
1132,454,1,48
1132,455,2,48
1136,456,2,48
1140,457,1,48
1140,458,2,48
1144,459,2,48
1148,460,1,48
1148,461,2,48
1151,462,2,48
1155,463,1,48
1155,464,2,48
1159,465,2,48
1162,466,1,48
1162,467,2,48
1166,468,2,48
1170,469,1,48
1170,470,2,48
1174,471,2,48
1178,472,1,48
1178,473,2,48
1181,474,2,48
1185,475,1,48
1185,476,2,48
1189,477,2,48
1192,478,1,48
1192,479,2,48
1196,480,2,48
1200,481,1,48
1200,482,2,48
1204,483,2,48
1208,484,1,48
1208,485,2,48
1211,486,2,48
1215,487,1,48
1215,488,2,48
1219,489,2,48
1222,490,1,48
1222,491,2,48
1226,492,2,48
1230,493,1,48
1230,494,2,48
1234,495,2,48
1238,496,1,48
1238,497,2,48
1241,498,2,48
1245,499,1,48
1245,500,2,48
1249,501,2,48
1252,502,1,48
1252,503,2,48
1256,504,2,48
1260,505,1,48
1260,506,2,48
1264,507,2,48
1268,508,1,48
1268,509,2,48
1271,510,2,48
1275,511,1,48
1275,512,2,48
1279,513,2,48
1282,514,1,48
1282,515,2,48
1286,516,2,48
1290,517,1,48
1290,518,2,48
1294,519,2,48
1298,520,1,48
1298,521,2,48
1301,522,2,48
1305,523,1,48
1305,524,2,48
1309,525,2,48
1312,526,1,48
1312,527,2,48
1316,528,2,48
1320,529,1,48
1320,530,2,48
1324,531,2,48
1328,532,1,48
1328,533,2,48
1331,534,2,48
1335,535,1,48
1335,536,2,48
1339,537,2,48
1342,538,1,48
1342,539,2,48
1346,540,2,48
1350,541,1,48
1350,542,2,48
1354,543,2,48
1358,544,1,48
1358,545,2,48
1361,546,2,48
1365,547,1,48
1365,548,2,48
1369,549,2,48
1372,550,1,48
1372,551,2,48
1376,552,2,48
1380,553,1,48
1380,554,2,48
1384,555,2,48
1388,556,1,48
1388,557,2,48
1391,558,2,48
1395,559,1,48
1395,560,2,48
1399,561,2,48
1402,562,1,48
1402,563,2,48
1406,564,2,48
1410,565,1,48
1410,566,2,48
1414,567,2,48
1418,568,1,48
1418,569,2,48
1421,570,2,48
1425,571,1,48
1425,572,2,48
1429,573,2,48
1432,574,1,48
1432,575,2,48
1436,576,2,48
1440,577,1,48
1440,578,2,48
1444,579,2,48
1448,580,1,48
1448,581,2,48
1451,582,2,48
1455,583,1,48
1455,584,2,48
1459,585,2,48
1462,586,1,48
1462,587,2,48
1466,588,2,48
1470,589,1,48
1470,590,2,48
1474,591,2,48
1478,592,1,48
1478,593,2,48
1481,594,2,48
1485,595,1,48
1485,596,2,48
1489,597,2,48
1492,598,1,48
1492,599,2,48
1496,600,2,48
1500,601,1,48
1500,602,2,48
1504,603,2,48
1508,604,1,48
1508,605,2,48
1511,606,2,48
1515,607,1,48
1515,608,2,48
1519,609,2,48
1522,610,1,48
1522,611,2,48
1526,612,2,48
1530,613,1,48
1530,614,2,48
1534,615,2,48
1538,616,1,48
1538,617,2,48
1541,618,2,48
1545,619,1,48
1545,620,2,48
1549,621,2,48
1552,622,1,48
1552,623,2,48
1556,624,2,48
1560,625,1,48
1560,626,2,48
1564,627,2,48
1568,628,1,48
1568,629,2,48
1571,630,2,48
1575,631,1,48
1575,632,2,48
1579,633,2,48
1582,634,1,48
1582,635,2,48
1586,636,2,48
1590,637,1,48
1590,638,2,48
1594,639,2,48
1598,640,1,48
1598,641,2,48
1601,642,2,48
1605,643,1,48
1605,644,2,48
1609,645,2,48
1612,646,1,48
1612,647,2,48
1616,648,2,48
1620,649,1,48
1620,650,2,48
1624,651,2,48
1628,652,1,48
1628,653,2,48
1631,654,2,48
1635,655,1,48
1635,656,2,48
1639,657,2,48
1642,658,1,48
1642,659,2,48
1646,660,2,48
1650,661,1,48
1650,662,2,48
1654,663,2,48
1658,664,1,48
1658,665,2,48
1661,666,2,48
1665,667,1,48
1665,668,2,48
1669,669,2,48
1672,670,1,48
1672,671,2,48
1676,672,2,48
1680,673,1,48
1680,674,2,48
1684,675,2,48
1688,676,1,48
1688,677,2,48
1691,678,2,48
1695,679,1,48
1695,680,2,48
1699,681,2,48
1702,682,1,48
1702,683,2,48
1706,684,2,48
1710,685,1,48
1710,686,2,48
1714,687,2,48
1718,688,1,48
1718,689,2,48
1721,690,2,48
1725,691,1,48
1725,692,2,48
1729,693,2,48
1732,694,1,48
1732,695,2,48
1736,696,2,48
1740,697,1,48
1740,698,2,48
1744,699,2,48
1748,700,1,48
1748,701,2,48
1751,702,2,48
1755,703,1,48
1755,704,2,48
1759,705,2,48
1762,706,1,48
1762,707,2,48
1766,708,2,48
1770,709,1,48
1770,710,2,48
1774,711,2,48
1778,712,1,48
1778,713,2,48
1781,714,2,48
1785,715,1,48
1785,716,2,48
1789,717,2,48
1792,718,1,48
1792,719,2,48
1796,720,2,48
1800,721,1,48
1800,722,2,48
1804,723,2,48
1808,724,1,48
1808,725,2,48
1811,726,2,48
1815,727,1,48
1815,728,2,48
1819,729,2,48
1822,730,1,48
1822,731,2,48
1826,732,2,48
1830,733,1,48
1830,734,2,48
1834,735,2,48
1838,736,1,48
1838,737,2,48
1841,738,2,48
1845,739,1,48
1845,740,2,48
1849,741,2,48
1852,742,1,48
1852,743,2,48
1856,744,2,48
1860,745,1,48
1860,746,2,48
1864,747,2,48
1868,748,1,48
1868,749,2,48
1871,750,2,48
1875,751,1,48
1875,752,2,48
1879,753,2,48
1882,754,1,48
1882,755,2,48
1886,756,2,48
1890,757,1,48
1890,758,2,48
1894,759,2,48
1898,760,1,48
1898,761,2,48
1901,762,2,48
1905,763,1,48
1905,764,2,48
1909,765,2,48
1912,766,1,48
1912,767,2,48
1916,768,2,48
1920,769,1,48
1920,770,2,48
1924,771,2,48
1928,772,1,48
1928,773,2,48
1931,774,2,48
1935,775,1,48
1935,776,2,48
1939,777,2,48
1942,778,1,48
1942,779,2,48
1946,780,2,48
1950,781,1,48
1950,782,2,48
1954,783,2,48
1958,784,1,48
1958,785,2,48
1961,786,2,48
1965,787,1,48
1965,788,2,48
1969,789,2,48
1972,790,1,48
1972,791,2,48
1976,792,2,48
1980,793,1,48
1980,794,2,48
1984,795,2,48
1988,796,1,48
1988,797,2,48
1991,798,2,48
1995,799,1,48
1995,800,2,48
1999,801,2,48
2000,802,1,48
2000,803,2,48
2000,804,3,48
2008,805,1,48
2015,806,1,48
2015,807,2,48
2015,808,3,48
2022,809,1,48
2030,810,1,48
2030,811,2,48
2030,812,3,48
2038,813,1,48
2045,814,1,48
2045,815,2,48
2045,816,3,48
2052,817,1,48
2060,818,1,48
2060,819,2,48
2060,820,3,48
2068,821,1,48
2075,822,1,48
2075,823,2,48
2075,824,3,48
2082,825,1,48
2090,826,1,48
2090,827,2,48
2090,828,3,48
2098,829,1,48
2105,830,1,48
2105,831,2,48
2105,832,3,48
2112,833,1,48
2120,834,1,48
2120,835,2,48
2120,836,3,48
2128,837,1,48
2135,838,1,48
2135,839,2,48
2135,840,3,48
2142,841,1,48
2150,842,1,48
2150,843,2,48
2150,844,3,48
2158,845,1,48
2165,846,1,48
2165,847,2,48
2165,848,3,48
2172,849,1,48
2180,850,1,48
2180,851,2,48
2180,852,3,48
2188,853,1,48
2195,854,1,48
2195,855,2,48
2195,856,3,48
2202,857,1,48
2210,858,1,48
2210,859,2,48
2210,860,3,48
2218,861,1,48
2225,862,1,48
2225,863,2,48
2225,864,3,48
2232,865,1,48
2240,866,1,48
2240,867,2,48
2240,868,3,48
2248,869,1,48
2255,870,1,48
2255,871,2,48
2255,872,3,48
2262,873,1,48
2270,874,1,48
2270,875,2,48
2270,876,3,48
2278,877,1,48
2285,878,1,48
2285,879,2,48
2285,880,3,48
2292,881,1,48
2300,882,1,48
2300,883,2,48
2300,884,3,48
2308,885,1,48
2315,886,1,48
2315,887,2,48
2315,888,3,48
2322,889,1,48
2330,890,1,48
2330,891,2,48
2330,892,3,48
2338,893,1,48
2345,894,1,48
2345,895,2,48
2345,896,3,48
2352,897,1,48
2360,898,1,48
2360,899,2,48
2360,900,3,48
2368,901,1,48
2375,902,1,48
2375,903,2,48
2375,904,3,48
2382,905,1,48
2390,906,1,48
2390,907,2,48
2390,908,3,48
2398,909,1,48
2405,910,1,48
2405,911,2,48
2405,912,3,48
2412,913,1,48
2420,914,1,48
2420,915,2,48
2420,916,3,48
2428,917,1,48
2435,918,1,48
2435,919,2,48
2435,920,3,48
2442,921,1,48
2450,922,1,48
2450,923,2,48
2450,924,3,48
2458,925,1,48
2465,926,1,48
2465,927,2,48
2465,928,3,48
2472,929,1,48
2480,930,1,48
2480,931,2,48
2480,932,3,48
2488,933,1,48
2495,934,1,48
2495,935,2,48
2495,936,3,48
2502,937,1,48
2510,938,1,48
2510,939,2,48
2510,940,3,48
2518,941,1,48
2525,942,1,48
2525,943,2,48
2525,944,3,48
2532,945,1,48
2540,946,1,48
2540,947,2,48
2540,948,3,48
2548,949,1,48
2555,950,1,48
2555,951,2,48
2555,952,3,48
2562,953,1,48
2570,954,1,48
2570,955,2,48
2570,956,3,48
2578,957,1,48
2585,958,1,48
2585,959,2,48
2585,960,3,48
2592,961,1,48
2600,962,1,48
2600,963,2,48
2600,964,3,48
2608,965,1,48
2615,966,1,48
2615,967,2,48
2615,968,3,48
2622,969,1,48
2630,970,1,48
2630,971,2,48
2630,972,3,48
2638,973,1,48
2645,974,1,48
2645,975,2,48
2645,976,3,48
2652,977,1,48
2660,978,1,48
2660,979,2,48
2660,980,3,48
2668,981,1,48
2675,982,1,48
2675,983,2,48
2675,984,3,48
2682,985,1,48
2690,986,1,48
2690,987,2,48
2690,988,3,48
2698,989,1,48
2705,990,1,48
2705,991,2,48
2705,992,3,48
2712,993,1,48
2720,994,1,48
2720,995,2,48
2720,996,3,48
2728,997,1,48
2735,998,1,48
2735,999,2,48
2735,1000,3,48
2742,1001,1,48
2750,1002,1,48
2750,1003,2,48
2750,1004,3,48
2758,1005,1,48
2765,1006,1,48
2765,1007,2,48
2765,1008,3,48
2772,1009,1,48
2780,1010,1,48
2780,1011,2,48
2780,1012,3,48
2788,1013,1,48
2795,1014,1,48
2795,1015,2,48
2795,1016,3,48
2802,1017,1,48
2810,1018,1,48
2810,1019,2,48
2810,1020,3,48
2818,1021,1,48
2825,1022,1,48
2825,1023,2,48
2825,1024,3,48
2832,1025,1,48
2840,1026,1,48
2840,1027,2,48
2840,1028,3,48
2848,1029,1,48
2855,1030,1,48
2855,1031,2,48
2855,1032,3,48
2862,1033,1,48
2870,1034,1,48
2870,1035,2,48
2870,1036,3,48
2878,1037,1,48
2885,1038,1,48
2885,1039,2,48
2885,1040,3,48
2892,1041,1,48
2900,1042,1,48
2900,1043,2,48
2900,1044,3,48
2908,1045,1,48
2915,1046,1,48
2915,1047,2,48
2915,1048,3,48
2922,1049,1,48
2930,1050,1,48
2930,1051,2,48
2930,1052,3,48
2938,1053,1,48
2945,1054,1,48
2945,1055,2,48
2945,1056,3,48
2952,1057,1,48
2960,1058,1,48
2960,1059,2,48
2960,1060,3,48
2968,1061,1,48
2975,1062,1,48
2975,1063,2,48
2975,1064,3,48
2982,1065,1,48
2990,1066,1,48
2990,1067,2,48
2990,1068,3,48
2998,1069,1,48
3005,1070,1,48
3005,1071,2,48
3005,1072,3,48
3012,1073,1,48
3020,1074,1,48
3020,1075,2,48
3020,1076,3,48
3028,1077,1,48
3035,1078,1,48
3035,1079,2,48
3035,1080,3,48
3042,1081,1,48
3050,1082,1,48
3050,1083,2,48
3050,1084,3,48
3058,1085,1,48
3065,1086,1,48
3065,1087,2,48
3065,1088,3,48
3072,1089,1,48
3080,1090,1,48
3080,1091,2,48
3080,1092,3,48
3088,1093,1,48
3095,1094,1,48
3095,1095,2,48
3095,1096,3,48
3102,1097,1,48
3110,1098,1,48
3110,1099,2,48
3110,1100,3,48
3118,1101,1,48
3125,1102,1,48
3125,1103,2,48
3125,1104,3,48
3132,1105,1,48
3140,1106,1,48
3140,1107,2,48
3140,1108,3,48
3148,1109,1,48
3155,1110,1,48
3155,1111,2,48
3155,1112,3,48
3162,1113,1,48
3170,1114,1,48
3170,1115,2,48
3170,1116,3,48
3178,1117,1,48
3185,1118,1,48
3185,1119,2,48
3185,1120,3,48
3192,1121,1,48
3200,1122,1,48
3200,1123,2,48
3200,1124,3,48
3208,1125,1,48
3215,1126,1,48
3215,1127,2,48
3215,1128,3,48
3222,1129,1,48
3230,1130,1,48
3230,1131,2,48
3230,1132,3,48
3238,1133,1,48
3245,1134,1,48
3245,1135,2,48
3245,1136,3,48
3252,1137,1,48
3260,1138,1,48
3260,1139,2,48
3260,1140,3,48
3268,1141,1,48
3275,1142,1,48
3275,1143,2,48
3275,1144,3,48
3282,1145,1,48
3290,1146,1,48
3290,1147,2,48
3290,1148,3,48
3298,1149,1,48
3305,1150,1,48
3305,1151,2,48
3305,1152,3,48
3312,1153,1,48
3320,1154,1,48
3320,1155,2,48
3320,1156,3,48
3328,1157,1,48
3335,1158,1,48
3335,1159,2,48
3335,1160,3,48
3342,1161,1,48
3350,1162,1,48
3350,1163,2,48
3350,1164,3,48
3358,1165,1,48
3365,1166,1,48
3365,1167,2,48
3365,1168,3,48
3372,1169,1,48
3380,1170,1,48
3380,1171,2,48
3380,1172,3,48
3388,1173,1,48
3395,1174,1,48
3395,1175,2,48
3395,1176,3,48
3402,1177,1,48
3410,1178,1,48
3410,1179,2,48
3410,1180,3,48
3418,1181,1,48
3425,1182,1,48
3425,1183,2,48
3425,1184,3,48
3432,1185,1,48
3440,1186,1,48
3440,1187,2,48
3440,1188,3,48
3448,1189,1,48
3455,1190,1,48
3455,1191,2,48
3455,1192,3,48
3462,1193,1,48
3470,1194,1,48
3470,1195,2,48
3470,1196,3,48
3478,1197,1,48
3485,1198,1,48
3485,1199,2,48
3485,1200,3,48
3492,1201,1,48
3500,1202,1,48
3500,1203,2,48
3500,1204,3,48
3508,1205,1,48
3515,1206,1,48
3515,1207,2,48
3515,1208,3,48
3522,1209,1,48
3530,1210,1,48
3530,1211,2,48
3530,1212,3,48
3538,1213,1,48
3545,1214,1,48
3545,1215,2,48
3545,1216,3,48
3552,1217,1,48
3560,1218,1,48
3560,1219,2,48
3560,1220,3,48
3568,1221,1,48
3575,1222,1,48
3575,1223,2,48
3575,1224,3,48
3582,1225,1,48
3590,1226,1,48
3590,1227,2,48
3590,1228,3,48
3598,1229,1,48
3605,1230,1,48
3605,1231,2,48
3605,1232,3,48
3612,1233,1,48
3620,1234,1,48
3620,1235,2,48
3620,1236,3,48
3628,1237,1,48
3635,1238,1,48
3635,1239,2,48
3635,1240,3,48
3642,1241,1,48
3650,1242,1,48
3650,1243,2,48
3650,1244,3,48
3658,1245,1,48
3665,1246,1,48
3665,1247,2,48
3665,1248,3,48
3672,1249,1,48
3680,1250,1,48
3680,1251,2,48
3680,1252,3,48
3688,1253,1,48
3695,1254,1,48
3695,1255,2,48
3695,1256,3,48
3702,1257,1,48
3710,1258,1,48
3710,1259,2,48
3710,1260,3,48
3718,1261,1,48
3725,1262,1,48
3725,1263,2,48
3725,1264,3,48
3732,1265,1,48
3740,1266,1,48
3740,1267,2,48
3740,1268,3,48
3748,1269,1,48
3755,1270,1,48
3755,1271,2,48
3755,1272,3,48
3762,1273,1,48
3770,1274,1,48
3770,1275,2,48
3770,1276,3,48
3778,1277,1,48
3785,1278,1,48
3785,1279,2,48
3785,1280,3,48
3792,1281,1,48
3800,1282,1,48
3800,1283,2,48
3800,1284,3,48
3808,1285,1,48
3815,1286,1,48
3815,1287,2,48
3815,1288,3,48
3822,1289,1,48
3830,1290,1,48
3830,1291,2,48
3830,1292,3,48
3838,1293,1,48
3845,1294,1,48
3845,1295,2,48
3845,1296,3,48
3852,1297,1,48
3860,1298,1,48
3860,1299,2,48
3860,1300,3,48
3868,1301,1,48
3875,1302,1,48
3875,1303,2,48
3875,1304,3,48
3882,1305,1,48
3890,1306,1,48
3890,1307,2,48
3890,1308,3,48
3898,1309,1,48
3905,1310,1,48
3905,1311,2,48
3905,1312,3,48
3912,1313,1,48
3920,1314,1,48
3920,1315,2,48
3920,1316,3,48
3928,1317,1,48
3935,1318,1,48
3935,1319,2,48
3935,1320,3,48
3942,1321,1,48
3950,1322,1,48
3950,1323,2,48
3950,1324,3,48
3958,1325,1,48
3965,1326,1,48
3965,1327,2,48
3965,1328,3,48
3972,1329,1,48
3980,1330,1,48
3980,1331,2,48
3980,1332,3,48
3988,1333,1,48
3995,1334,1,48
3995,1335,2,48
3995,1336,3,48
4002,1337,1,48
4010,1338,1,48
4010,1339,2,48
4010,1340,3,48
4018,1341,1,48
4025,1342,1,48
4025,1343,2,48
4025,1344,3,48
4032,1345,1,48
4040,1346,1,48
4040,1347,2,48
4040,1348,3,48
4048,1349,1,48
4055,1350,1,48
4055,1351,2,48
4055,1352,3,48
4062,1353,1,48
4070,1354,1,48
4070,1355,2,48
4070,1356,3,48
4078,1357,1,48
4085,1358,1,48
4085,1359,2,48
4085,1360,3,48
4092,1361,1,48
4100,1362,1,48
4100,1363,2,48
4100,1364,3,48
4108,1365,1,48
4115,1366,1,48
4115,1367,2,48
4115,1368,3,48
4122,1369,1,48
4130,1370,1,48
4130,1371,2,48
4130,1372,3,48
4138,1373,1,48
4145,1374,1,48
4145,1375,2,48
4145,1376,3,48
4152,1377,1,48
4160,1378,1,48
4160,1379,2,48
4160,1380,3,48
4168,1381,1,48
4175,1382,1,48
4175,1383,2,48
4175,1384,3,48
4182,1385,1,48
4190,1386,1,48
4190,1387,2,48
4190,1388,3,48
4198,1389,1,48
4205,1390,1,48
4205,1391,2,48
4205,1392,3,48
4212,1393,1,48
4220,1394,1,48
4220,1395,2,48
4220,1396,3,48
4228,1397,1,48
4235,1398,1,48
4235,1399,2,48
4235,1400,3,48
4242,1401,1,48
4250,1402,1,48
4250,1403,2,48
4250,1404,3,48
4258,1405,1,48
4265,1406,1,48
4265,1407,2,48
4265,1408,3,48
4272,1409,1,48
4280,1410,1,48
4280,1411,2,48
4280,1412,3,48
4288,1413,1,48
4295,1414,1,48
4295,1415,2,48
4295,1416,3,48
4302,1417,1,48
4310,1418,1,48
4310,1419,2,48
4310,1420,3,48
4318,1421,1,48
4325,1422,1,48
4325,1423,2,48
4325,1424,3,48
4332,1425,1,48
4340,1426,1,48
4340,1427,2,48
4340,1428,3,48
4348,1429,1,48
4355,1430,1,48
4355,1431,2,48
4355,1432,3,48
4362,1433,1,48
4370,1434,1,48
4370,1435,2,48
4370,1436,3,48
4378,1437,1,48
4385,1438,1,48
4385,1439,2,48
4385,1440,3,48
4392,1441,1,48
4400,1442,1,48
4400,1443,2,48
4400,1444,3,48
4408,1445,1,48
4415,1446,1,48
4415,1447,2,48
4415,1448,3,48
4422,1449,1,48
4430,1450,1,48
4430,1451,2,48
4430,1452,3,48
4438,1453,1,48
4445,1454,1,48
4445,1455,2,48
4445,1456,3,48
4452,1457,1,48
4460,1458,1,48
4460,1459,2,48
4460,1460,3,48
4468,1461,1,48
4475,1462,1,48
4475,1463,2,48
4475,1464,3,48
4482,1465,1,48
4490,1466,1,48
4490,1467,2,48
4490,1468,3,48
4498,1469,1,48
4505,1470,1,48
4505,1471,2,48
4505,1472,3,48
4512,1473,1,48
4520,1474,1,48
4520,1475,2,48
4520,1476,3,48
4528,1477,1,48
4535,1478,1,48
4535,1479,2,48
4535,1480,3,48
4542,1481,1,48
4550,1482,1,48
4550,1483,2,48
4550,1484,3,48
4558,1485,1,48
4565,1486,1,48
4565,1487,2,48
4565,1488,3,48
4572,1489,1,48
4580,1490,1,48
4580,1491,2,48
4580,1492,3,48
4588,1493,1,48
4595,1494,1,48
4595,1495,2,48
4595,1496,3,48
4602,1497,1,48
4610,1498,1,48
4610,1499,2,48
4610,1500,3,48
4618,1501,1,48
4625,1502,1,48
4625,1503,2,48
4625,1504,3,48
4632,1505,1,48
4640,1506,1,48
4640,1507,2,48
4640,1508,3,48
4648,1509,1,48
4655,1510,1,48
4655,1511,2,48
4655,1512,3,48
4662,1513,1,48
4670,1514,1,48
4670,1515,2,48
4670,1516,3,48
4678,1517,1,48
4685,1518,1,48
4685,1519,2,48
4685,1520,3,48
4692,1521,1,48
4700,1522,1,48
4700,1523,2,48
4700,1524,3,48
4708,1525,1,48
4715,1526,1,48
4715,1527,2,48
4715,1528,3,48
4722,1529,1,48
4730,1530,1,48
4730,1531,2,48
4730,1532,3,48
4738,1533,1,48
4745,1534,1,48
4745,1535,2,48
4745,1536,3,48
4752,1537,1,48
4760,1538,1,48
4760,1539,2,48
4760,1540,3,48
4768,1541,1,48
4775,1542,1,48
4775,1543,2,48
4775,1544,3,48
4782,1545,1,48
4790,1546,1,48
4790,1547,2,48
4790,1548,3,48
4798,1549,1,48
4805,1550,1,48
4805,1551,2,48
4805,1552,3,48
4812,1553,1,48
4820,1554,1,48
4820,1555,2,48
4820,1556,3,48
4828,1557,1,48
4835,1558,1,48
4835,1559,2,48
4835,1560,3,48
4842,1561,1,48
4850,1562,1,48
4850,1563,2,48
4850,1564,3,48
4858,1565,1,48
4865,1566,1,48
4865,1567,2,48
4865,1568,3,48
4872,1569,1,48
4880,1570,1,48
4880,1571,2,48
4880,1572,3,48
4888,1573,1,48
4895,1574,1,48
4895,1575,2,48
4895,1576,3,48
4902,1577,1,48
4910,1578,1,48
4910,1579,2,48
4910,1580,3,48
4918,1581,1,48
4925,1582,1,48
4925,1583,2,48
4925,1584,3,48
4932,1585,1,48
4940,1586,1,48
4940,1587,2,48
4940,1588,3,48
4948,1589,1,48
4955,1590,1,48
4955,1591,2,48
4955,1592,3,48
4962,1593,1,48
4970,1594,1,48
4970,1595,2,48
4970,1596,3,48
4978,1597,1,48
4985,1598,1,48
4985,1599,2,48
4985,1600,3,48
4992,1601,1,48
5000,1602,1,48
5000,1603,2,48
5000,1604,3,48
5008,1605,1,48
5015,1606,1,48
5015,1607,2,48
5015,1608,3,48
5022,1609,1,48
5030,1610,1,48
5030,1611,2,48
5030,1612,3,48
5038,1613,1,48
5045,1614,1,48
5045,1615,2,48
5045,1616,3,48
5052,1617,1,48
5060,1618,1,48
5060,1619,2,48
5060,1620,3,48
5068,1621,1,48
5075,1622,1,48
5075,1623,2,48
5075,1624,3,48
5082,1625,1,48
5090,1626,1,48
5090,1627,2,48
5090,1628,3,48
5098,1629,1,48
5105,1630,1,48
5105,1631,2,48
5105,1632,3,48
5112,1633,1,48
5120,1634,1,48
5120,1635,2,48
5120,1636,3,48
5128,1637,1,48
5135,1638,1,48
5135,1639,2,48
5135,1640,3,48
5142,1641,1,48
5150,1642,1,48
5150,1643,2,48
5150,1644,3,48
5158,1645,1,48
5165,1646,1,48
5165,1647,2,48
5165,1648,3,48
5172,1649,1,48
5180,1650,1,48
5180,1651,2,48
5180,1652,3,48
5188,1653,1,48
5195,1654,1,48
5195,1655,2,48
5195,1656,3,48
5202,1657,1,48
5210,1658,1,48
5210,1659,2,48
5210,1660,3,48
5218,1661,1,48
5225,1662,1,48
5225,1663,2,48
5225,1664,3,48
5232,1665,1,48
5240,1666,1,48
5240,1667,2,48
5240,1668,3,48
5248,1669,1,48
5255,1670,1,48
5255,1671,2,48
5255,1672,3,48
5262,1673,1,48
5270,1674,1,48
5270,1675,2,48
5270,1676,3,48
5278,1677,1,48
5285,1678,1,48
5285,1679,2,48
5285,1680,3,48
5292,1681,1,48
5300,1682,1,48
5300,1683,2,48
5300,1684,3,48
5308,1685,1,48
5315,1686,1,48
5315,1687,2,48
5315,1688,3,48
5322,1689,1,48
5330,1690,1,48
5330,1691,2,48
5330,1692,3,48
5338,1693,1,48
5345,1694,1,48
5345,1695,2,48
5345,1696,3,48
5352,1697,1,48
5360,1698,1,48
5360,1699,2,48
5360,1700,3,48
5368,1701,1,48
5375,1702,1,48
5375,1703,2,48
5375,1704,3,48
5382,1705,1,48
5390,1706,1,48
5390,1707,2,48
5390,1708,3,48
5398,1709,1,48
5405,1710,1,48
5405,1711,2,48
5405,1712,3,48
5412,1713,1,48
5420,1714,1,48
5420,1715,2,48
5420,1716,3,48
5428,1717,1,48
5435,1718,1,48
5435,1719,2,48
5435,1720,3,48
5442,1721,1,48
5450,1722,1,48
5450,1723,2,48
5450,1724,3,48
5458,1725,1,48
5465,1726,1,48
5465,1727,2,48
5465,1728,3,48
5472,1729,1,48
5480,1730,1,48
5480,1731,2,48
5480,1732,3,48
5488,1733,1,48
5495,1734,1,48
5495,1735,2,48
5495,1736,3,48
5502,1737,1,48
5510,1738,1,48
5510,1739,2,48
5510,1740,3,48
5518,1741,1,48
5525,1742,1,48
5525,1743,2,48
5525,1744,3,48
5532,1745,1,48
5540,1746,1,48
5540,1747,2,48
5540,1748,3,48
5548,1749,1,48
5555,1750,1,48
5555,1751,2,48
5555,1752,3,48
5562,1753,1,48
5570,1754,1,48
5570,1755,2,48
5570,1756,3,48
5578,1757,1,48
5585,1758,1,48
5585,1759,2,48
5585,1760,3,48
5592,1761,1,48
5600,1762,1,48
5600,1763,2,48
5600,1764,3,48
5608,1765,1,48
5615,1766,1,48
5615,1767,2,48
5615,1768,3,48
5622,1769,1,48
5630,1770,1,48
5630,1771,2,48
5630,1772,3,48
5638,1773,1,48
5645,1774,1,48
5645,1775,2,48
5645,1776,3,48
5652,1777,1,48
5660,1778,1,48
5660,1779,2,48
5660,1780,3,48
5668,1781,1,48
5675,1782,1,48
5675,1783,2,48
5675,1784,3,48
5682,1785,1,48
5690,1786,1,48
5690,1787,2,48
5690,1788,3,48
5698,1789,1,48
5705,1790,1,48
5705,1791,2,48
5705,1792,3,48
5712,1793,1,48
5720,1794,1,48
5720,1795,2,48
5720,1796,3,48
5728,1797,1,48
5735,1798,1,48
5735,1799,2,48
5735,1800,3,48
5742,1801,1,48
5750,1802,1,48
5750,1803,2,48
5750,1804,3,48
5758,1805,1,48
5765,1806,1,48
5765,1807,2,48
5765,1808,3,48
5772,1809,1,48
5780,1810,1,48
5780,1811,2,48
5780,1812,3,48
5788,1813,1,48
5795,1814,1,48
5795,1815,2,48
5795,1816,3,48
5802,1817,1,48
5810,1818,1,48
5810,1819,2,48
5810,1820,3,48
5818,1821,1,48
5825,1822,1,48
5825,1823,2,48
5825,1824,3,48
5832,1825,1,48
5840,1826,1,48
5840,1827,2,48
5840,1828,3,48
5848,1829,1,48
5855,1830,1,48
5855,1831,2,48
5855,1832,3,48
5862,1833,1,48
5870,1834,1,48
5870,1835,2,48
5870,1836,3,48
5878,1837,1,48
5885,1838,1,48
5885,1839,2,48
5885,1840,3,48
5892,1841,1,48
5900,1842,1,48
5900,1843,2,48
5900,1844,3,48
5908,1845,1,48
5915,1846,1,48
5915,1847,2,48
5915,1848,3,48
5922,1849,1,48
5930,1850,1,48
5930,1851,2,48
5930,1852,3,48
5938,1853,1,48
5945,1854,1,48
5945,1855,2,48
5945,1856,3,48
5952,1857,1,48
5960,1858,1,48
5960,1859,2,48
5960,1860,3,48
5968,1861,1,48
5975,1862,1,48
5975,1863,2,48
5975,1864,3,48
5982,1865,1,48
5990,1866,1,48
5990,1867,2,48
5990,1868,3,48
5998,1869,1,48
6005,1870,1,48
6005,1871,2,48
6005,1872,3,48
6012,1873,1,48
6020,1874,1,48
6020,1875,2,48
6020,1876,3,48
6028,1877,1,48
6035,1878,1,48
6035,1879,2,48
6035,1880,3,48
6042,1881,1,48
6050,1882,1,48
6050,1883,2,48
6050,1884,3,48
6058,1885,1,48
6065,1886,1,48
6065,1887,2,48
6065,1888,3,48
6072,1889,1,48
6080,1890,1,48
6080,1891,2,48
6080,1892,3,48
6088,1893,1,48
6095,1894,1,48
6095,1895,2,48
6095,1896,3,48
6102,1897,1,48
6110,1898,1,48
6110,1899,2,48
6110,1900,3,48
6118,1901,1,48
6125,1902,1,48
6125,1903,2,48
6125,1904,3,48
6132,1905,1,48
6140,1906,1,48
6140,1907,2,48
6140,1908,3,48
6148,1909,1,48
6155,1910,1,48
6155,1911,2,48
6155,1912,3,48
6162,1913,1,48
6170,1914,1,48
6170,1915,2,48
6170,1916,3,48
6178,1917,1,48
6185,1918,1,48
6185,1919,2,48
6185,1920,3,48
6192,1921,1,48
6200,1922,1,48
6200,1923,2,48
6200,1924,3,48
6208,1925,1,48
6215,1926,1,48
6215,1927,2,48
6215,1928,3,48
6222,1929,1,48
6230,1930,1,48
6230,1931,2,48
6230,1932,3,48
6238,1933,1,48
6245,1934,1,48
6245,1935,2,48
6245,1936,3,48
6252,1937,1,48
6260,1938,1,48
6260,1939,2,48
6260,1940,3,48
6268,1941,1,48
6275,1942,1,48
6275,1943,2,48
6275,1944,3,48
6282,1945,1,48
6290,1946,1,48
6290,1947,2,48
6290,1948,3,48
6298,1949,1,48
6305,1950,1,48
6305,1951,2,48
6305,1952,3,48
6312,1953,1,48
6320,1954,1,48
6320,1955,2,48
6320,1956,3,48
6328,1957,1,48
6335,1958,1,48
6335,1959,2,48
6335,1960,3,48
6342,1961,1,48
6350,1962,1,48
6350,1963,2,48
6350,1964,3,48
6358,1965,1,48
6365,1966,1,48
6365,1967,2,48
6365,1968,3,48
6372,1969,1,48
6380,1970,1,48
6380,1971,2,48
6380,1972,3,48
6388,1973,1,48
6395,1974,1,48
6395,1975,2,48
6395,1976,3,48
6402,1977,1,48
6410,1978,1,48
6410,1979,2,48
6410,1980,3,48
6418,1981,1,48
6425,1982,1,48
6425,1983,2,48
6425,1984,3,48
6432,1985,1,48
6440,1986,1,48
6440,1987,2,48
6440,1988,3,48
6448,1989,1,48
6455,1990,1,48
6455,1991,2,48
6455,1992,3,48
6462,1993,1,48
6470,1994,1,48
6470,1995,2,48
6470,1996,3,48
6478,1997,1,48
6485,1998,1,48
6485,1999,2,48
6485,2000,3,48
6492,2001,1,48
6500,2002,1,48
6500,2003,2,48
6500,2004,3,48
6508,2005,1,48
6515,2006,1,48
6515,2007,2,48
6515,2008,3,48
6522,2009,1,48
6530,2010,1,48
6530,2011,2,48
6530,2012,3,48
6538,2013,1,48
6545,2014,1,48
6545,2015,2,48
6545,2016,3,48
6552,2017,1,48
6560,2018,1,48
6560,2019,2,48
6560,2020,3,48
6568,2021,1,48
6575,2022,1,48
6575,2023,2,48
6575,2024,3,48
6582,2025,1,48
6590,2026,1,48
6590,2027,2,48
6590,2028,3,48
6598,2029,1,48
6605,2030,1,48
6605,2031,2,48
6605,2032,3,48
6612,2033,1,48
6620,2034,1,48
6620,2035,2,48
6620,2036,3,48
6628,2037,1,48
6635,2038,1,48
6635,2039,2,48
6635,2040,3,48
6642,2041,1,48
6650,2042,1,48
6650,2043,2,48
6650,2044,3,48
6658,2045,1,48
6665,2046,1,48
6665,2047,2,48
6665,2048,3,48
6672,2049,1,48
6680,2050,1,48
6680,2051,2,48
6680,2052,3,48
6688,2053,1,48
6695,2054,1,48
6695,2055,2,48
6695,2056,3,48
6702,2057,1,48
6710,2058,1,48
6710,2059,2,48
6710,2060,3,48
6718,2061,1,48
6725,2062,1,48
6725,2063,2,48
6725,2064,3,48
6732,2065,1,48
6740,2066,1,48
6740,2067,2,48
6740,2068,3,48
6748,2069,1,48
6755,2070,1,48
6755,2071,2,48
6755,2072,3,48
6762,2073,1,48
6770,2074,1,48
6770,2075,2,48
6770,2076,3,48
6778,2077,1,48
6785,2078,1,48
6785,2079,2,48
6785,2080,3,48
6792,2081,1,48
6800,2082,1,48
6800,2083,2,48
6800,2084,3,48
6808,2085,1,48
6815,2086,1,48
6815,2087,2,48
6815,2088,3,48
6822,2089,1,48
6830,2090,1,48
6830,2091,2,48
6830,2092,3,48
6838,2093,1,48
6845,2094,1,48
6845,2095,2,48
6845,2096,3,48
6852,2097,1,48
6860,2098,1,48
6860,2099,2,48
6860,2100,3,48
6868,2101,1,48
6875,2102,1,48
6875,2103,2,48
6875,2104,3,48
6882,2105,1,48
6890,2106,1,48
6890,2107,2,48
6890,2108,3,48
6898,2109,1,48
6905,2110,1,48
6905,2111,2,48
6905,2112,3,48
6912,2113,1,48
6920,2114,1,48
6920,2115,2,48
6920,2116,3,48
6928,2117,1,48
6935,2118,1,48
6935,2119,2,48
6935,2120,3,48
6942,2121,1,48
6950,2122,1,48
6950,2123,2,48
6950,2124,3,48
6958,2125,1,48
6965,2126,1,48
6965,2127,2,48
6965,2128,3,48
6972,2129,1,48
6980,2130,1,48
6980,2131,2,48
6980,2132,3,48
6988,2133,1,48
6995,2134,1,48
6995,2135,2,48
6995,2136,3,48
