flow,flow_name,untouched_witness
1,Tenant_01_A,False
2,Tenant_01_B,False
3,Tenant_02_A,True
4,Tenant_02_B,False
5,Tenant_03_A,False
6,Tenant_03_B,False
7,Tenant_04_A,False
8,Tenant_04_B,False
9,Tenant_05_A,False
10,Tenant_05_B,False
11,Tenant_06_A,False
12,Tenant_06_B,False
13,Tenant_07_A,False
14,Tenant_07_B,False
15,Tenant_08_A,False
16,Tenant_08_B,False
17,Tenant_09_A,False
18,Tenant_09_B,False
19,Tenant_10_A,False
20,Tenant_10_B,False
21,Tenant_11_A,False
22,Tenant_11_B,False
23,Tenant_12_A,False
24,Tenant_12_B,False
25,Tenant_13_A,False
26,Tenant_13_B,False
27,Tenant_14_A,False
28,Tenant_14_B,False
29,Tenant_15_A,False
30,Tenant_15_B,False
31,Tenant_16_A,False
32,Tenant_16_B,False
